Settings:,,
Use KPA,0,
KP,0.45,
KI,0.84,
KD,0,
Traj Follow Error Pressure Threshold,4.35,
Traj Follow Error Time Threshold,1500,
Filter alpha,0,
Sensor offset,0.05,
Pressure Read Delay,10,
Interpolation Calculation Delay,30,
Controller Delay,30,
"Traj times","0.00, 725.00, 775.00, 2225.00, 2275.00, 3000.00, ",""
"Traj pressures","0.00, 0.00, 17.40, 17.40, 0.00, 0.00, ",""
time,pressure,error,integral,cycle_start
0,-0,0,0,0
0.01,-0,0,0.04,0
0.02,-0,0,0.04,0
0.03,-0,0,0.04,0
0.04,-0,0,0.04,0
0.05,-0,0,0.04,0
0.06,-0,0,0.04,0
0.07,-0,0,0.04,0
0.08,-0,0,0.04,0
0.09,-0,0,0.04,0
0.1,-0,0,0.04,0
0.11,-0,0,0.04,0
0.12,-0,0,0.04,0
0.13,-0,0,0.04,0
0.14,-0,0,0.04,0
0.15,-0,0,0.04,0
0.16,-0,0,0.04,0
0.17,-0,0,0.04,0
0.18,-0,0,0.04,0
0.19,-0,0,0.04,0
0.2,-0,0,0.04,0
0.21,-0,0,0.04,0
0.22,-0,0,0.04,0
0.23,-0,0,0.04,0
0.24,-0,0,0.04,0
0.25,-0,0,0.04,0
0.26,-0,0,0.04,0
0.27,-0,0,0.04,0
0.28,-0,0,0.04,0
0.29,-0,0,0.04,0
0.3,-0,0,0.04,0
0.31,-0,0,0.04,0
0.32,-0,0,0.04,0
0.33,-0,0,0.04,0
0.34,-0,0,0.04,0
0.35,-0,0,0.04,0
0.36,-0,0,0.04,0
0.37,-0,0,0.04,0
0.38,-0,0,0.04,0
0.39,-0,0,0.04,0
0.4,-0,0,0.04,0
0.41,-0,0,0.04,0
0.42,-0,0,0.04,0
0.43,-0,0,0.04,0
0.44,-0,0,0.04,0
0.45,-0,0,0.04,0
0.46,-0,0,0.04,0
0.47,-0,0,0.04,0
0.48,-0,0,0.04,0
0.49,-0,0,0.04,0
0.5,-0,0,0.04,0
0.51,-0,0,0.04,0
0.52,-0,0,0.04,0
0.53,-0,0,0.04,0
0.54,-0,0,0.04,0
0.551,-0,0,0.05,0
0.561,-0,0,0.05,0
0.571,-0,0,0.05,0
0.581,-0,0,0.05,0
0.591,-0,0,0.05,0
0.601,-0,0,0.05,0
0.611,-0,0,0.05,0
0.621,-0,0,0.05,0
0.631,-0,0,0.05,0
0.641,-0,0,0.05,0
0.651,-0,0,0.05,0
0.661,-0,0,0.05,0
0.671,-0,0,0.05,0
0.681,-0,0,0.05,0
0.691,-0,0,0.05,0
0.701,-0,0,0.05,0
0.711,-0,0,0.05,0
0.722,-0,0,0.05,0
0.732,-0,0,0.05,0
0.742,-0,0,0.05,0
0.752,-0,8.7,0.18,0
0.762,-0,8.7,0.18,0
0.772,-0,8.7,0.18,0
0.782,-0,17.4,0.57,0
0.792,2.56,17.4,0.57,0
0.802,4.76,17.4,0.57,0
0.812,6.59,12.64,1.02,0
0.822,8.43,12.64,1.02,0
0.832,9.89,12.64,1.02,0
0.842,11.18,12.64,1.02,0
0.852,12.28,6.22,1.31,0
0.862,13.37,6.22,1.31,0
0.872,14.11,6.22,1.31,0
0.882,15.02,3.29,1.45,0
0.892,15.57,3.29,1.45,0
0.902,16.12,3.29,1.45,0
0.912,16.86,1.28,1.52,0
0.922,17.41,1.28,1.52,0
0.932,17.77,1.28,1.52,0
0.942,18.32,-0.37,1.54,0
0.952,18.51,-0.37,1.54,0
0.962,19.06,-0.37,1.54,0
0.972,19.24,-1.66,1.51,0
0.982,19.42,-1.66,1.51,0
0.992,19.61,-1.66,1.51,0
1.002,19.79,-2.21,1.45,0
1.012,19.97,-2.21,1.45,0
1.022,19.97,-2.21,1.45,0
1.032,19.97,-2.57,1.38,0
1.042,19.61,-2.57,1.38,0
1.052,19.97,-2.57,1.38,0
1.063,19.79,-2.57,1.3,0
1.073,19.79,-2.57,1.3,0
1.083,19.79,-2.57,1.3,0
1.093,19.79,-2.39,1.22,0
1.103,19.79,-2.39,1.22,0
1.113,19.79,-2.39,1.22,0
1.123,19.79,-2.39,1.15,0
1.133,19.79,-2.39,1.15,0
1.143,19.79,-2.39,1.15,0
1.153,19.61,-2.39,1.08,0
1.163,19.61,-2.39,1.08,0
1.173,19.42,-2.39,1.08,0
1.183,19.42,-2.02,1.01,0
1.193,19.42,-2.02,1.01,0
1.203,19.42,-2.02,1.01,0
1.213,19.42,-2.02,0.95,0
1.223,19.42,-2.02,0.95,0
1.234,19.42,-2.02,0.95,0
1.244,19.42,-2.02,0.89,0
1.254,19.42,-2.02,0.89,0
1.264,19.42,-2.02,0.89,0
1.274,19.42,-2.02,0.83,0
1.284,19.42,-2.02,0.83,0
1.294,19.42,-2.02,0.83,0
1.304,19.24,-2.02,0.77,0
1.314,19.24,-2.02,0.77,0
1.324,19.24,-2.02,0.77,0
1.334,19.06,-1.84,0.71,0
1.344,19.06,-1.84,0.71,0
1.354,19.06,-1.84,0.71,0
1.364,19.06,-1.66,0.66,0
1.374,19.24,-1.66,0.66,0
1.384,19.24,-1.66,0.66,0
1.394,19.24,-1.84,0.6,0
1.404,19.24,-1.84,0.6,0
1.414,19.24,-1.84,0.6,0
1.424,19.24,-1.84,0.55,0
1.434,19.06,-1.84,0.55,0
1.444,19.06,-1.84,0.55,0
1.454,19.06,-1.66,0.5,0
1.464,19.06,-1.66,0.5,0
1.474,18.87,-1.66,0.5,0
1.484,18.87,-1.47,0.45,0
1.494,18.87,-1.47,0.45,0
1.504,18.87,-1.47,0.45,0
1.514,18.87,-1.47,0.41,0
1.524,18.87,-1.47,0.41,0
1.534,18.87,-1.47,0.41,0
1.544,18.87,-1.47,0.36,0
1.554,18.87,-1.47,0.36,0
1.564,18.69,-1.47,0.36,0
1.575,18.69,-1.29,0.32,0
1.585,18.69,-1.29,0.32,0
1.595,18.51,-1.29,0.32,0
1.605,18.51,-1.11,0.28,0
1.615,18.51,-1.11,0.28,0
1.625,18.32,-1.11,0.28,0
1.635,18.32,-0.92,0.25,0
1.645,18.32,-0.92,0.25,0
1.655,18.32,-0.92,0.25,0
1.665,18.32,-0.92,0.23,0
1.675,18.14,-0.92,0.23,0
1.685,18.14,-0.92,0.23,0
1.695,18.14,-0.74,0.2,0
1.705,18.14,-0.74,0.2,0
1.715,18.14,-0.74,0.2,0
1.725,17.96,-0.74,0.18,0
1.735,17.96,-0.74,0.18,0
1.746,17.96,-0.74,0.18,0
1.756,17.96,-0.56,0.16,0
1.766,17.96,-0.56,0.16,0
1.776,17.77,-0.56,0.16,0
1.786,17.77,-0.37,0.14,0
1.796,17.77,-0.37,0.14,0
1.806,17.77,-0.37,0.14,0
1.816,17.77,-0.37,0.13,0
1.826,17.77,-0.37,0.13,0
1.836,17.77,-0.37,0.13,0
1.846,17.77,-0.37,0.12,0
1.856,17.77,-0.37,0.12,0
1.866,17.77,-0.37,0.12,0
1.876,17.77,-0.37,0.11,0
1.886,17.77,-0.37,0.11,0
1.896,17.77,-0.37,0.11,0
1.906,17.59,-0.37,0.1,0
1.916,17.77,-0.37,0.1,0
1.926,17.59,-0.37,0.1,0
1.936,17.59,-0.19,0.09,0
1.946,17.77,-0.19,0.09,0
1.956,17.59,-0.19,0.09,0
1.966,17.77,-0.19,0.08,0
1.976,17.77,-0.19,0.08,0
1.986,17.77,-0.19,0.08,0
1.996,17.59,-0.37,0.08,0
2.006,17.59,-0.37,0.08,0
2.016,17.59,-0.37,0.08,0
2.026,17.59,-0.19,0.07,0
2.036,17.59,-0.19,0.07,0
2.046,17.59,-0.19,0.07,0
2.056,17.59,-0.19,0.06,0
2.066,17.59,-0.19,0.06,0
2.076,17.59,-0.19,0.06,0
2.087,17.59,-0.19,0.06,0
2.097,17.59,-0.19,0.06,0
2.107,17.59,-0.19,0.06,0
2.117,17.59,-0.19,0.05,0
2.127,17.59,-0.19,0.05,0
2.137,17.59,-0.19,0.05,0
2.147,17.59,-0.19,0.04,0
2.157,17.59,-0.19,0.04,0
2.167,17.59,-0.19,0.04,0
2.177,17.41,-0.19,0.04,0
2.187,17.41,-0.19,0.04,0
2.197,17.41,-0.19,0.04,0
2.207,17.41,-0.01,0.04,0
2.217,17.41,-0.01,0.04,0
2.227,17.41,-0.01,0.04,0
2.237,17.41,-0.01,0.04,0
2.247,17.41,-0.01,0.04,0
2.258,17.41,-0.01,0.04,0
2.268,17.41,-9.06,-0.1,0
2.278,17.41,-9.06,-0.1,0
2.288,17.22,-9.06,-0.1,0
2.298,16.86,-17.22,-0.5,0
2.308,16.31,-17.22,-0.5,0
2.318,15.57,-17.22,-0.5,0
2.328,14.47,-15.57,-0.99,0
2.338,13.56,-15.57,-0.99,0
2.348,11.91,-15.57,-0.99,0
2.358,10.26,-11.91,-1.4,0
2.368,8.98,-11.91,-1.4,0
2.378,7.69,-11.91,-1.4,0
2.388,6.59,-7.69,-1.7,0
2.398,5.49,-7.69,-1.7,0
2.408,4.39,-7.69,-1.7,0
2.418,3.48,-4.39,-1.88,0
2.428,2.93,-4.39,-1.88,0
2.438,2.19,-4.39,-1.88,0
2.448,1.64,-2.19,-1.98,0
2.458,1.09,-2.19,-1.98,0
2.468,0.73,-2.19,-1.98,0
2.478,0.54,-0.73,-2.02,0
2.488,0.18,-0.73,-2.02,0
2.498,-0,-0.73,-2.02,0
2.508,-0,0,-2.03,0
2.518,-0,0,-2.03,0
2.528,-0,0,-2.03,0
2.538,-0,0,-2.03,0
2.548,-0,0,-2.03,0
2.558,-0,0,-2.03,0
2.568,-0,0,-2.03,0
2.578,-0,0,-2.03,0
2.588,-0,0,-2.03,0
2.599,-0,0,-2.03,0
2.609,-0,0,-2.03,0
2.619,-0,0,-2.03,0
2.629,-0,0,-2.03,0
2.639,-0,0,-2.03,0
2.649,-0,0,-2.03,0
2.659,-0,0,-2.03,0
2.669,-0,0,-2.03,0
2.679,-0,0,-2.03,0
2.689,-0,0,-2.03,0
2.699,-0,0,-2.03,0
2.709,-0,0,-2.03,0
2.719,-0,0,-2.03,0
2.729,-0,0,-2.03,0
2.739,-0,0,-2.03,0
2.749,-0,0,-2.03,0
2.759,-0,0,-2.03,0
2.77,-0,0,-2.03,0
2.78,-0,0,-2.03,0
2.79,-0,0,-2.03,0
2.8,-0,0,-2.03,0
2.81,-0,0,-2.03,0
2.82,-0,0,-2.03,0
2.83,-0,0,-2.03,0
2.84,-0,0,-2.03,0
2.85,-0,0,-2.03,0
2.86,-0,0,-2.03,0
2.87,-0,0,-2.03,0
2.88,-0,0,-2.03,0
2.89,-0,0,-2.03,0
2.9,-0,0,-2.03,0
2.91,-0,0,-2.03,0
2.92,-0,0,-2.03,0
2.93,-0,0,-2.03,0
2.94,-0,0,-2.03,0
2.95,-0,0,-2.03,0
2.96,-0,0,-2.03,0
2.97,-0,0,-2.03,0
2.98,-0,0,-2.03,0
2.99,-0,0,-2.03,0
3,-0,0,-2.03,0
3.002,-0,0,0,1
3.023,-0,0,0,0
3.033,-0,0,0,0
3.043,-0,0,0,0
3.053,-0,0,0,0
3.063,-0,0,0,0
3.073,-0,0,0,0
3.083,-0,0,0,0
3.093,-0,0,0,0
3.103,-0,0,0,0
3.113,-0.19,0,0,0
3.123,-0,0,0,0
3.133,-0,0,0,0
3.143,-0.19,0,0,0
3.154,-0.19,0,0,0
3.164,-0.19,0,0,0
3.174,-0,0.19,0,0
3.184,-0,0.19,0,0
3.194,-0,0.19,0,0
3.204,-0,0,0.01,0
3.214,-0,0,0.01,0
3.224,-0,0,0.01,0
3.234,-0,0,0.01,0
3.244,-0,0,0.01,0
3.254,-0,0,0.01,0
3.264,-0,0,0.01,0
3.274,-0,0,0.01,0
3.284,-0,0,0.01,0
3.294,-0,0,0.01,0
3.304,-0,0,0.01,0
3.314,-0,0,0.01,0
3.324,-0,0,0.01,0
3.334,-0,0,0.01,0
3.344,-0,0,0.01,0
3.354,-0,0,0.01,0
3.364,-0,0,0.01,0
3.374,-0,0,0.01,0
3.384,-0,0,0.01,0
3.394,-0,0,0.01,0
3.404,-0,0,0.01,0
3.414,0.18,0,0.01,0
3.424,-0,0,0.01,0
3.434,-0,0,0.01,0
3.444,-0,0,0.01,0
3.454,-0,0,0.01,0
3.464,0.18,0,0.01,0
3.474,0.18,-0.18,0,0
3.484,-0,-0.18,0,0
3.495,-0,-0.18,0,0
3.505,-0,0,0,0
3.515,-0,0,0,0
3.525,-0,0,0,0
3.535,-0,0,0,0
3.545,-0,0,0,0
3.555,-0,0,0,0
3.565,-0,0,0,0
3.575,-0,0,0,0
3.585,-0,0,0,0
3.595,-0,0,0,0
3.605,-0,0,0,0
3.615,0.18,0,0,0
3.625,0.18,-0.18,0,0
3.635,0.18,-0.18,0,0
3.645,0.18,-0.18,0,0
3.655,0.18,-0.18,-0.01,0
3.666,0.18,-0.18,-0.01,0
3.676,-0,-0.18,-0.01,0
3.686,0.18,0,-0.01,0
3.696,0.18,0,-0.01,0
3.706,-0,0,-0.01,0
3.716,-0,0,-0.01,0
3.726,-0,0,-0.01,0
3.736,-0,0,-0.01,0
3.746,-0,0,-0.01,0
3.756,-0,0,-0.01,0
3.766,-0,0,-0.01,0
3.776,-0,1.4,0.01,0
3.786,-0,1.4,0.01,0
3.796,-0,1.4,0.01,0
3.806,-0,11.84,0.21,0
3.816,2.19,11.84,0.21,0
3.826,4.76,11.84,0.21,0
3.836,6.78,12.64,0.58,0
3.846,8.43,12.64,0.58,0
3.856,10.08,12.64,0.58,0
3.866,11.36,7.32,0.88,0
3.876,12.46,7.32,0.88,0
3.886,13.37,7.32,0.88,0
3.896,14.29,4.03,1.05,0
3.906,15.02,4.03,1.05,0
3.916,15.76,4.03,1.05,0
3.926,16.31,1.64,1.14,0
3.936,16.86,1.64,1.14,0
3.946,17.41,1.64,1.14,0
3.956,17.96,-0.01,1.16,0
3.966,18.32,-0.01,1.16,0
3.976,18.69,-0.01,1.16,0
3.986,19.06,-1.29,1.14,0
3.996,19.24,-1.29,1.14,0
4.007,19.61,-1.29,1.14,0
4.017,19.61,-2.21,1.09,0
4.027,19.61,-2.21,1.09,0
4.037,19.42,-2.21,1.09,0
4.047,19.42,-2.02,1.03,0
4.057,19.24,-2.02,1.03,0
4.067,19.06,-2.02,1.03,0
4.077,19.06,-1.66,0.97,0
4.087,19.06,-1.66,0.97,0
4.097,19.06,-1.66,0.97,0
4.107,19.06,-1.66,0.92,0
4.117,19.06,-1.66,0.92,0
4.127,19.06,-1.66,0.92,0
4.137,19.24,-1.66,0.87,0
4.147,19.24,-1.66,0.87,0
4.157,19.06,-1.66,0.87,0
4.167,19.06,-1.66,0.82,0
4.178,19.06,-1.66,0.82,0
4.188,18.87,-1.66,0.82,0
4.198,18.87,-1.47,0.77,0
4.208,18.69,-1.47,0.77,0
4.218,18.69,-1.47,0.77,0
4.228,18.69,-1.29,0.73,0
4.238,18.69,-1.29,0.73,0
4.248,18.69,-1.29,0.73,0
4.258,18.69,-1.29,0.69,0
4.268,18.69,-1.29,0.69,0
4.278,18.87,-1.29,0.69,0
4.288,18.87,-1.47,0.65,0
4.298,18.87,-1.47,0.65,0
4.308,18.69,-1.47,0.65,0
4.318,18.69,-1.29,0.61,0
4.328,18.69,-1.29,0.61,0
4.338,18.51,-1.29,0.61,0
4.348,18.51,-1.11,0.58,0
4.358,18.51,-1.11,0.58,0
4.368,18.51,-1.11,0.58,0
4.378,18.32,-1.11,0.54,0
4.388,18.32,-1.11,0.54,0
4.398,18.51,-1.11,0.54,0
4.408,18.51,-1.11,0.51,0
4.418,18.51,-1.11,0.51,0
4.428,18.51,-1.11,0.51,0
4.438,18.51,-1.11,0.48,0
4.448,18.51,-1.11,0.48,0
4.458,18.51,-1.11,0.48,0
4.468,18.51,-1.11,0.44,0
4.478,18.51,-1.11,0.44,0
4.488,18.32,-1.11,0.44,0
4.498,18.32,-0.92,0.41,0
4.508,18.14,-0.92,0.41,0
4.519,18.32,-0.92,0.41,0
4.529,18.32,-0.92,0.38,0
4.539,18.14,-0.92,0.38,0
4.549,18.32,-0.92,0.38,0
4.559,18.32,-0.92,0.36,0
4.569,18.32,-0.92,0.36,0
4.579,18.32,-0.92,0.36,0
4.589,18.32,-0.92,0.33,0
4.599,18.32,-0.92,0.33,0
4.609,18.32,-0.92,0.33,0
4.619,18.14,-0.92,0.3,0
4.629,18.14,-0.92,0.3,0
4.639,18.14,-0.92,0.3,0
4.649,18.14,-0.74,0.28,0
4.659,18.14,-0.74,0.28,0
4.669,17.96,-0.74,0.28,0
4.679,18.14,-0.56,0.26,0
4.69,18.14,-0.56,0.26,0
4.7,18.14,-0.56,0.26,0
4.71,18.14,-0.74,0.24,0
4.72,18.14,-0.74,0.24,0
4.73,18.14,-0.74,0.24,0
4.74,18.14,-0.74,0.22,0
4.75,18.14,-0.74,0.22,0
4.76,18.14,-0.74,0.22,0
4.77,17.96,-0.74,0.19,0
4.78,17.96,-0.74,0.19,0
4.79,17.96,-0.74,0.19,0
4.8,17.96,-0.56,0.17,0
4.81,17.77,-0.56,0.17,0
4.82,17.96,-0.56,0.17,0
4.83,17.96,-0.56,0.16,0
4.84,17.96,-0.56,0.16,0
4.85,17.96,-0.56,0.16,0
4.86,17.96,-0.56,0.14,0
4.87,17.96,-0.56,0.14,0
4.88,17.96,-0.56,0.14,0
4.89,17.96,-0.56,0.12,0
4.9,17.96,-0.56,0.12,0
4.91,17.96,-0.56,0.12,0
4.92,17.77,-0.56,0.11,0
4.93,17.96,-0.56,0.11,0
4.94,17.77,-0.56,0.11,0
4.95,17.77,-0.37,0.09,0
4.96,17.77,-0.37,0.09,0
4.97,17.77,-0.37,0.09,0
4.98,17.77,-0.37,0.08,0
4.99,17.77,-0.37,0.08,0
5,17.77,-0.37,0.08,0
5.01,17.77,-0.37,0.07,0
5.02,17.77,-0.37,0.07,0
5.031,17.77,-0.37,0.07,0
5.041,17.77,-0.37,0.06,0
5.051,17.77,-0.37,0.06,0
5.061,17.77,-0.37,0.06,0
5.071,17.77,-0.37,0.05,0
5.081,17.77,-0.37,0.05,0
5.091,17.77,-0.37,0.05,0
5.101,17.77,-0.37,0.04,0
5.111,17.59,-0.37,0.04,0
5.121,17.59,-0.37,0.04,0
5.131,17.59,-0.19,0.03,0
5.141,17.59,-0.19,0.03,0
5.151,17.77,-0.19,0.03,0
5.161,17.77,-0.37,0.02,0
5.171,17.77,-0.37,0.02,0
5.181,17.59,-0.37,0.02,0
5.191,17.59,-0.19,0.01,0
5.202,17.59,-0.19,0.01,0
5.212,17.59,-0.19,0.01,0
5.222,17.59,-0.19,0.01,0
5.232,17.59,-0.19,0.01,0
5.242,17.59,-0.19,0.01,0
5.252,17.59,-0.19,-0,0
5.262,17.59,-0.19,-0,0
5.272,17.59,-0.19,-0,0
5.282,17.59,-2.28,-0.04,0
5.292,17.41,-2.28,-0.04,0
5.302,17.04,-2.28,-0.04,0
5.312,16.49,-12.17,-0.25,0
5.322,15.57,-12.17,-0.25,0
5.332,14.84,-12.17,-0.25,0
5.342,13.74,-14.84,-0.66,0
5.352,12.28,-14.84,-0.66,0
5.362,10.26,-14.84,-0.66,0
5.372,9.16,-10.26,-1.04,0
5.382,7.88,-10.26,-1.04,0
5.392,6.59,-10.26,-1.04,0
5.402,5.49,-6.59,-1.29,0
5.412,4.58,-6.59,-1.29,0
5.422,3.66,-6.59,-1.29,0
5.432,2.93,-3.66,-1.44,0
5.442,2.19,-3.66,-1.44,0
5.452,1.64,-3.66,-1.44,0
5.462,1.28,-1.64,-1.52,0
5.472,0.91,-1.64,-1.52,0
5.482,0.54,-1.64,-1.52,0
5.492,0.36,-0.54,-1.55,0
5.502,0.18,-0.54,-1.55,0
5.512,-0,-0.54,-1.55,0
5.522,-0,0,-1.56,0
5.532,-0,0,-1.56,0
5.543,-0,0,-1.56,0
5.553,-0,0,-1.56,0
5.563,-0,0,-1.56,0
5.573,-0,0,-1.56,0
5.583,-0,0,-1.56,0
5.593,-0,0,-1.56,0
5.603,-0,0,-1.56,0
5.613,-0,0,-1.56,0
5.623,-0,0,-1.56,0
5.633,-0,0,-1.56,0
5.643,-0,0,-1.56,0
5.653,-0,0,-1.56,0
5.663,-0,0,-1.56,0
5.673,-0,0,-1.56,0
5.683,-0,0,-1.56,0
5.693,-0,0,-1.56,0
5.703,-0,0,-1.56,0
5.714,-0,0,-1.56,0
5.724,-0,0,-1.56,0
5.734,-0,0,-1.56,0
5.744,-0,0,-1.56,0
5.754,-0,0,-1.56,0
5.764,-0,0,-1.56,0
5.774,-0,0,-1.56,0
5.784,-0,0,-1.56,0
5.794,-0,0,-1.56,0
5.804,-0,0,-1.56,0
5.814,-0,0,-1.56,0
5.824,-0,0,-1.56,0
5.834,-0,0,-1.56,0
5.844,-0,0,-1.56,0
5.854,-0,0,-1.56,0
5.864,-0,0,-1.56,0
5.874,-0,0,-1.56,0
5.884,-0,0,-1.56,0
5.894,-0,0,-1.56,0
5.904,-0,0,-1.56,0
5.914,-0,0,-1.56,0
5.924,-0,0,-1.56,0
5.934,-0,0,-1.56,0
5.944,-0,0,-1.56,0
5.954,-0,0,-1.56,0
5.964,-0,0,-1.56,0
5.974,-0,0,-1.56,0
5.984,-0,0,-1.56,0
5.994,-0,0,-1.56,0
6.004,-0,0,-1.56,0
6.014,-0,0,-1.56,0
6.024,-0,0,-1.56,0
6.034,-0,0,-1.56,0
6.035,-0,0,0,1
6.057,-0,0,0,0
6.067,-0,0,0,0
6.077,-0,0,0,0
6.087,-0,0,0,0
6.098,-0,0,0,0
6.108,-0,0,0,0
6.118,-0,0,0,0
6.128,-0,0,0,0
6.138,-0,0,0,0
6.148,-0,0,0,0
6.158,-0,0,0,0
6.168,-0,0,0,0
6.178,-0,0,0,0
6.188,-0,0,0,0
6.198,-0,0,0,0
6.208,-0,0,0,0
6.218,-0.19,0,0,0
6.228,-0,0,0,0
6.238,-0,0,0,0
6.248,-0,0,0,0
6.258,-0,0,0,0
6.268,-0,0,0,0
6.278,-0,0,0,0
6.288,-0,0,0,0
6.298,-0,0,0,0
6.308,-0,0,0,0
6.318,-0,0,0,0
6.328,-0,0,0,0
6.338,-0,0,0,0
6.348,-0,0,0,0
6.358,-0,0,0,0
6.368,-0,0,0,0
6.378,-0,0,0,0
6.388,-0,0,0,0
6.398,-0,0,0,0
6.408,-0,0,0,0
6.418,-0,0,0,0
6.428,-0,0,0,0
6.439,-0,0,0,0
6.449,0.18,0,0,0
6.459,0.18,0,0,0
6.469,0.18,0,0,0
6.479,0.18,-0.18,-0,0
6.489,-0,-0.18,-0,0
6.499,0.18,-0.18,-0,0
6.509,-0,-0.18,-0.01,0
6.519,-0,-0.18,-0.01,0
6.529,-0,-0.18,-0.01,0
6.539,-0,0,-0.01,0
6.549,-0,0,-0.01,0
6.559,-0,0,-0.01,0
6.569,-0,0,-0.01,0
6.579,-0,0,-0.01,0
6.589,-0,0,-0.01,0
6.599,-0,0,-0.01,0
6.61,-0,0,-0.01,0
6.62,-0,0,-0.01,0
6.63,-0,0,-0.01,0
6.64,0.18,0,-0.01,0
6.65,-0,0,-0.01,0
6.66,0.18,0,-0.01,0
6.67,0.18,0,-0.01,0
6.68,0.18,0,-0.01,0
6.69,0.18,-0.18,-0.01,0
6.7,0.18,-0.18,-0.01,0
6.71,-0,-0.18,-0.01,0
6.72,-0,0,-0.01,0
6.73,0.18,0,-0.01,0
6.74,-0,0,-0.01,0
6.75,-0,0,-0.01,0
6.76,-0,0,-0.01,0
6.77,-0,0,-0.01,0
6.78,-0,0,-0.01,0
6.79,-0,0,-0.01,0
6.8,-0,0,-0.01,0
6.81,-0,1.05,0,0
6.82,-0,1.05,0,0
6.83,-0,1.05,0,0
6.84,0.18,11.49,0.19,0
6.85,1.28,11.49,0.19,0
6.86,4.21,11.49,0.19,0
6.87,5.86,13.19,0.56,0
6.88,7.88,13.19,0.56,0
6.89,9.34,13.19,0.56,0
6.9,10.81,8.06,0.88,0
6.91,11.91,8.06,0.88,0
6.92,13.01,8.06,0.88,0
6.93,13.74,4.39,1.07,0
6.94,14.66,4.39,1.07,0
6.951,15.39,4.39,1.07,0
6.961,16.12,2.01,1.16,0
6.971,16.67,2.01,1.16,0
6.981,17.22,2.01,1.16,0
6.991,17.77,0.18,1.2,0
7.001,18.14,0.18,1.2,0
7.011,18.51,0.18,1.2,0
7.021,19.06,-1.11,1.18,0
7.031,19.24,-1.11,1.18,0
7.041,19.42,-1.11,1.18,0
7.051,19.79,-2.02,1.13,0
7.061,19.79,-2.02,1.13,0
7.071,19.79,-2.02,1.13,0
7.081,19.97,-2.39,1.07,0
7.091,19.97,-2.39,1.07,0
7.101,19.79,-2.39,1.07,0
7.111,19.61,-2.39,1,0
7.122,19.61,-2.39,1,0
7.132,19.61,-2.39,1,0
7.142,19.61,-2.21,0.93,0
7.152,19.61,-2.21,0.93,0
7.162,19.61,-2.21,0.93,0
7.172,19.79,-2.21,0.86,0
7.182,19.79,-2.21,0.86,0
7.192,19.79,-2.21,0.86,0
7.202,19.61,-2.39,0.79,0
7.212,19.61,-2.39,0.79,0
7.222,19.42,-2.39,0.79,0
7.232,19.24,-2.02,0.73,0
7.242,19.24,-2.02,0.73,0
7.252,19.06,-2.02,0.73,0
7.262,19.06,-1.66,0.67,0
7.272,19.06,-1.66,0.67,0
7.282,19.06,-1.66,0.67,0
7.292,19.06,-1.66,0.62,0
7.302,19.06,-1.66,0.62,0
7.312,19.06,-1.66,0.62,0
7.322,19.06,-1.66,0.57,0
7.332,19.06,-1.66,0.57,0
7.342,18.87,-1.66,0.57,0
7.352,18.87,-1.47,0.52,0
7.362,18.69,-1.47,0.52,0
7.372,18.69,-1.47,0.52,0
7.382,18.51,-1.29,0.48,0
7.392,18.51,-1.29,0.48,0
7.402,18.51,-1.29,0.48,0
7.412,18.32,-1.11,0.45,0
7.422,18.32,-1.11,0.45,0
7.432,18.32,-1.11,0.45,0
7.442,18.32,-0.92,0.42,0
7.452,18.32,-0.92,0.42,0
7.463,18.51,-0.92,0.42,0
7.473,18.32,-1.11,0.39,0
7.483,18.32,-1.11,0.39,0
7.493,18.32,-1.11,0.39,0
7.503,18.32,-0.92,0.35,0
7.513,18.32,-0.92,0.35,0
7.523,18.14,-0.92,0.35,0
7.533,18.14,-0.74,0.33,0
7.543,17.96,-0.74,0.33,0
7.553,17.96,-0.74,0.33,0
7.563,17.96,-0.56,0.31,0
7.573,17.96,-0.56,0.31,0
7.583,18.14,-0.56,0.31,0
7.593,18.14,-0.74,0.29,0
7.603,18.14,-0.74,0.29,0
7.613,18.14,-0.74,0.29,0
7.623,18.14,-0.74,0.27,0
7.634,18.14,-0.74,0.27,0
7.644,18.14,-0.74,0.27,0
7.654,17.96,-0.74,0.25,0
7.664,17.96,-0.74,0.25,0
7.674,17.96,-0.74,0.25,0
7.684,17.77,-0.56,0.23,0
7.694,17.77,-0.56,0.23,0
7.704,17.77,-0.56,0.23,0
7.714,17.96,-0.37,0.21,0
7.724,17.77,-0.37,0.21,0
7.734,17.96,-0.37,0.21,0
7.744,17.96,-0.56,0.2,0
7.754,17.96,-0.56,0.2,0
7.764,17.96,-0.56,0.2,0
7.774,17.96,-0.56,0.18,0
7.784,17.96,-0.56,0.18,0
7.794,17.77,-0.56,0.18,0
7.804,17.77,-0.37,0.17,0
7.814,17.77,-0.37,0.17,0
7.824,17.77,-0.37,0.17,0
7.834,17.77,-0.37,0.16,0
7.844,17.77,-0.37,0.16,0
7.854,17.77,-0.37,0.16,0
7.864,17.77,-0.37,0.15,0
7.874,17.77,-0.37,0.15,0
7.884,17.77,-0.37,0.15,0
7.894,17.77,-0.37,0.13,0
7.904,17.77,-0.37,0.13,0
7.914,17.77,-0.37,0.13,0
7.924,17.77,-0.37,0.12,0
7.934,17.77,-0.37,0.12,0
7.944,17.77,-0.37,0.12,0
7.954,17.77,-0.37,0.11,0
7.964,17.59,-0.37,0.11,0
7.975,17.59,-0.37,0.11,0
7.985,17.59,-0.19,0.1,0
7.995,17.59,-0.19,0.1,0
8.005,17.59,-0.19,0.1,0
8.015,17.59,-0.19,0.1,0
8.025,17.59,-0.19,0.1,0
8.035,17.59,-0.19,0.1,0
8.045,17.59,-0.19,0.09,0
8.055,17.59,-0.19,0.09,0
8.065,17.59,-0.19,0.09,0
8.075,17.59,-0.19,0.09,0
8.085,17.59,-0.19,0.09,0
8.095,17.59,-0.19,0.09,0
8.105,17.59,-0.19,0.08,0
8.115,17.41,-0.19,0.08,0
8.125,17.59,-0.19,0.08,0
8.135,17.41,-0.19,0.08,0
8.146,17.41,-0.19,0.08,0
8.156,17.41,-0.19,0.08,0
8.166,17.41,-0.01,0.07,0
8.176,17.41,-0.01,0.07,0
8.186,17.41,-0.01,0.07,0
8.196,17.41,-0.01,0.07,0
8.206,17.41,-0.01,0.07,0
8.216,17.41,-0.01,0.07,0
8.226,17.41,-0.01,0.07,0
8.236,17.41,-0.01,0.07,0
8.246,17.41,-0.01,0.07,0
8.256,17.41,-0.01,0.07,0
8.266,17.41,-0.01,0.07,0
8.276,17.41,-0.01,0.07,0
8.286,17.41,-0.01,0.07,0
8.296,17.41,-0.01,0.07,0
8.306,17.41,-0.01,0.07,0
8.316,17.41,-1.4,0.05,0
8.326,17.41,-1.4,0.05,0
8.336,17.22,-1.4,0.05,0
8.346,17.22,-11.66,-0.15,0
8.356,17.04,-11.66,-0.15,0
8.366,16.49,-11.66,-0.15,0
8.376,15.94,-16.49,-0.57,0
8.386,15.02,-16.49,-0.57,0
8.396,14.11,-16.49,-0.57,0
8.406,13.37,-14.11,-1.03,0
8.416,11.91,-14.11,-1.03,0
8.426,10.08,-14.11,-1.03,0
8.436,8.79,-10.08,-1.39,0
8.446,7.51,-10.08,-1.39,0
8.456,6.41,-10.08,-1.39,0
8.466,5.31,-6.41,-1.64,0
8.476,4.21,-6.41,-1.64,0
8.487,3.48,-6.41,-1.64,0
8.497,2.74,-3.48,-1.79,0
8.507,2.01,-3.48,-1.79,0
8.517,1.46,-3.48,-1.79,0
8.527,1.09,-1.46,-1.86,0
8.537,0.73,-1.46,-1.86,0
8.547,0.36,-1.46,-1.86,0
8.557,0.18,-0.36,-1.89,0
8.567,-0,-0.36,-1.89,0
8.577,-0,-0.36,-1.89,0
8.587,-0,0,-1.89,0
8.597,-0,0,-1.89,0
8.607,-0,0,-1.89,0
8.617,-0,0,-1.89,0
8.627,-0,0,-1.89,0
8.637,-0,0,-1.89,0
8.647,-0,0,-1.89,0
8.658,-0,0,-1.89,0
8.668,-0,0,-1.89,0
8.678,-0,0,-1.89,0
8.688,-0,0,-1.89,0
8.698,-0,0,-1.89,0
8.708,-0,0,-1.89,0
8.718,-0,0,-1.89,0
8.728,-0,0,-1.89,0
8.738,-0,0,-1.89,0
8.748,-0,0,-1.89,0
8.758,-0,0,-1.89,0
8.768,-0,0,-1.89,0
8.778,-0,0,-1.89,0
8.788,-0,0,-1.89,0
8.798,-0,0,-1.89,0
8.808,-0,0,-1.89,0
8.818,-0,0,-1.89,0
8.828,-0,0,-1.89,0
8.838,-0,0,-1.89,0
8.848,-0,0,-1.89,0
8.858,-0,0,-1.89,0
8.868,-0,0,-1.89,0
8.878,-0,0,-1.89,0
8.888,-0,0,-1.89,0
8.898,-0,0,-1.89,0
8.908,-0,0,-1.89,0
8.918,-0,0,-1.89,0
8.928,-0,0,-1.89,0
8.938,-0,0,-1.89,0
8.948,-0,0,-1.89,0
8.958,-0,0,-1.89,0
8.968,-0,0,-1.89,0
8.978,-0,0,-1.89,0
8.988,-0,0,-1.89,0
8.999,-0,0,-1.89,0
9.009,-0,0,-1.89,0
9.019,-0,0,-1.89,0
9.029,-0,0,-1.89,0
9.039,-0,0,-1.89,0
9.049,-0,0,-1.89,0
9.059,-0,0,-1.89,0
9.066,-0,0,0,1
9.088,-0,0,0,0
9.098,-0,0,0,0
9.108,-0,0,0,0
9.118,-0,0,0,0
9.128,-0,0,0,0
9.138,-0,0,0,0
9.148,-0,0,0,0
9.158,-0,0,0,0
9.168,-0,0,0,0
9.178,-0,0,0,0
9.188,-0,0,0,0
9.198,-0,0,0,0
9.208,-0,0,0,0
9.218,-0,0,0,0
9.228,-0,0,0,0
9.238,-0,0,0,0
9.248,-0,0,0,0
9.258,-0.19,0,0,0
9.268,-0,0.19,0,0
9.278,-0,0.19,0,0
9.288,-0,0.19,0,0
9.298,-0,0,0.01,0
9.308,-0,0,0.01,0
9.318,-0,0,0.01,0
9.328,-0,0,0.01,0
9.338,-0,0,0.01,0
9.348,-0,0,0.01,0
9.358,-0,0,0.01,0
9.368,-0,0,0.01,0
9.378,-0,0,0.01,0
9.388,-0,0,0.01,0
9.398,-0,0,0.01,0
9.408,-0,0,0.01,0
9.418,-0,0,0.01,0
9.428,-0,0,0.01,0
9.438,-0,0,0.01,0
9.448,-0,0,0.01,0
9.458,-0,0,0.01,0
9.468,-0,0,0.01,0
9.478,-0,0,0.01,0
9.488,-0,0,0.01,0
9.498,-0,0,0.01,0
9.508,0.18,0,0.01,0
9.518,0.18,0,0.01,0
9.528,0.18,0,0.01,0
9.538,0.18,-0.18,0,0
9.548,0.18,-0.18,0,0
9.558,0.18,-0.18,0,0
9.568,0.18,-0.18,-0,0
9.578,-0,-0.18,-0,0
9.588,-0,-0.18,-0,0
9.598,-0,0,-0,0
9.608,-0,0,-0,0
9.618,-0,0,-0,0
9.628,-0,0,-0,0
9.639,-0,0,-0,0
9.649,-0,0,-0,0
9.659,0.18,0,-0,0
9.669,-0,0,-0,0
9.679,0.18,0,-0,0
9.689,0.18,-0.18,-0.01,0
9.699,-0,-0.18,-0.01,0
9.709,-0,-0.18,-0.01,0
9.719,0.18,0,-0.01,0
9.729,0.18,0,-0.01,0
9.739,0.18,0,-0.01,0
9.749,-0,-0.18,-0.01,0
9.759,0.18,-0.18,-0.01,0
9.769,0.18,-0.18,-0.01,0
9.779,-0,-0.18,-0.02,0
9.789,-0,-0.18,-0.02,0
9.799,-0,-0.18,-0.02,0
9.81,-0,0,-0.02,0
9.82,-0,0,-0.02,0
9.83,-0,0,-0.02,0
9.84,-0,1.4,0,0
9.85,-0,1.4,0,0
9.86,-0,1.4,0,0
9.87,0.18,11.84,0.2,0
9.88,2.56,11.84,0.2,0
9.89,4.94,11.84,0.2,0
9.9,6.59,12.46,0.57,0
9.91,8.43,12.46,0.57,0
9.92,9.89,12.46,0.57,0
9.93,11.18,7.51,0.86,0
9.94,12.28,7.51,0.86,0
9.95,13.37,7.51,0.86,0
9.96,14.11,4.03,1.04,0
9.97,14.84,4.03,1.04,0
9.98,15.57,4.03,1.04,0
9.99,16.12,1.83,1.13,0
10,16.86,1.83,1.13,0
10.01,17.41,1.83,1.13,0
10.02,17.96,-0.01,1.15,0
10.03,18.32,-0.01,1.15,0
10.04,18.69,-0.01,1.15,0
10.05,18.87,-1.29,1.13,0
10.06,19.24,-1.29,1.13,0
10.07,19.61,-1.29,1.13,0
10.08,19.61,-2.21,1.08,0
10.09,19.97,-2.21,1.08,0
10.1,19.42,-2.21,1.08,0
10.11,19.24,-2.02,1.02,0
10.12,19.24,-2.02,1.02,0
10.13,19.06,-2.02,1.02,0
10.14,19.06,-1.66,0.96,0
10.151,19.06,-1.66,0.96,0
10.161,19.06,-1.66,0.96,0
10.171,19.06,-1.66,0.91,0
10.181,19.06,-1.66,0.91,0
10.191,19.06,-1.66,0.91,0
10.201,19.06,-1.66,0.86,0
10.211,19.24,-1.66,0.86,0
10.221,19.24,-1.66,0.86,0
10.231,19.06,-1.84,0.81,0
10.241,18.87,-1.84,0.81,0
10.251,18.87,-1.84,0.81,0
10.261,18.87,-1.47,0.76,0
10.271,18.69,-1.47,0.76,0
10.281,18.69,-1.47,0.76,0
10.291,18.69,-1.29,0.72,0
10.301,18.69,-1.29,0.72,0
10.311,18.69,-1.29,0.72,0
10.322,18.69,-1.29,0.68,0
10.332,18.69,-1.29,0.68,0
10.342,18.87,-1.29,0.68,0
10.352,18.87,-1.47,0.64,0
10.362,18.87,-1.47,0.64,0
10.372,18.69,-1.47,0.64,0
10.382,18.69,-1.29,0.6,0
10.392,18.69,-1.29,0.6,0
10.402,18.51,-1.29,0.6,0
10.412,18.51,-1.11,0.56,0
10.422,18.51,-1.11,0.56,0
10.432,18.51,-1.11,0.56,0
10.442,18.32,-1.11,0.53,0
10.452,18.51,-1.11,0.53,0
10.462,18.51,-1.11,0.53,0
10.472,18.51,-1.11,0.49,0
10.482,18.51,-1.11,0.49,0
10.492,18.51,-1.11,0.49,0
10.502,18.51,-1.11,0.46,0
10.512,18.51,-1.11,0.46,0
10.522,18.51,-1.11,0.46,0
10.532,18.51,-1.11,0.43,0
10.542,18.51,-1.11,0.43,0
10.552,18.32,-1.11,0.43,0
10.562,18.32,-0.92,0.4,0
10.572,18.32,-0.92,0.4,0
10.582,18.32,-0.92,0.4,0
10.592,18.14,-0.92,0.37,0
10.602,18.32,-0.92,0.37,0
10.612,18.32,-0.92,0.37,0
10.622,18.32,-0.92,0.34,0
10.632,18.32,-0.92,0.34,0
10.642,18.32,-0.92,0.34,0
10.652,18.32,-0.92,0.31,0
10.663,18.32,-0.92,0.31,0
10.673,18.32,-0.92,0.31,0
10.683,18.32,-0.92,0.29,0
10.693,18.14,-0.92,0.29,0
10.703,18.14,-0.92,0.29,0
10.713,18.14,-0.74,0.26,0
10.723,18.14,-0.74,0.26,0
10.733,18.14,-0.74,0.26,0
10.743,18.14,-0.74,0.24,0
10.753,18.14,-0.74,0.24,0
10.763,18.14,-0.74,0.24,0
10.773,18.14,-0.74,0.22,0
10.783,18.14,-0.74,0.22,0
10.793,18.14,-0.74,0.22,0
10.803,18.14,-0.74,0.2,0
10.813,18.14,-0.74,0.2,0
10.823,18.14,-0.74,0.2,0
10.834,17.96,-0.74,0.17,0
10.844,18.14,-0.74,0.17,0
10.854,17.96,-0.74,0.17,0
10.864,17.96,-0.56,0.15,0
10.874,17.96,-0.56,0.15,0
10.884,17.96,-0.56,0.15,0
10.894,17.96,-0.56,0.14,0
10.904,17.96,-0.56,0.14,0
10.914,17.96,-0.56,0.14,0
10.924,17.96,-0.56,0.12,0
10.934,17.96,-0.56,0.12,0
10.944,17.96,-0.56,0.12,0
10.954,17.96,-0.56,0.1,0
10.964,17.96,-0.56,0.1,0
10.974,17.96,-0.56,0.1,0
10.984,17.77,-0.56,0.09,0
10.994,17.77,-0.56,0.09,0
11.004,17.77,-0.56,0.09,0
11.014,17.77,-0.37,0.07,0
11.024,17.77,-0.37,0.07,0
11.034,17.77,-0.37,0.07,0
11.044,17.77,-0.37,0.06,0
11.054,17.77,-0.37,0.06,0
11.064,17.77,-0.37,0.06,0
11.074,17.77,-0.37,0.05,0
11.084,17.77,-0.37,0.05,0
11.094,17.77,-0.37,0.05,0
11.104,17.77,-0.37,0.04,0
11.114,17.77,-0.37,0.04,0
11.124,17.77,-0.37,0.04,0
11.134,17.77,-0.37,0.03,0
11.144,17.59,-0.37,0.03,0
11.154,17.77,-0.37,0.03,0
11.164,17.59,-0.37,0.02,0
11.175,17.59,-0.37,0.02,0
11.185,17.59,-0.37,0.02,0
11.195,17.59,-0.19,0.01,0
11.205,17.59,-0.19,0.01,0
11.215,17.59,-0.19,0.01,0
11.225,17.59,-0.19,0,0
11.235,17.59,-0.19,0,0
11.245,17.59,-0.19,0,0
11.255,17.59,-0.19,-0,0
11.265,17.59,-0.19,-0,0
11.275,17.59,-0.19,-0,0
11.285,17.59,-0.19,-0.01,0
11.295,17.59,-0.19,-0.01,0
11.305,17.59,-0.19,-0.01,0
11.315,17.59,-0.19,-0.01,0
11.325,17.59,-0.19,-0.01,0
11.335,17.59,-0.19,-0.01,0
11.346,17.59,-1.93,-0.05,0
11.356,17.59,-1.93,-0.05,0
11.366,17.41,-1.93,-0.05,0
11.376,16.86,-12.19,-0.26,0
11.386,16.31,-12.19,-0.26,0
11.396,15.76,-12.19,-0.26,0
11.406,14.84,-15.76,-0.68,0
11.416,13.92,-15.76,-0.68,0
11.426,12.82,-15.76,-0.68,0
11.436,10.81,-12.82,-1.11,0
11.446,9.53,-12.82,-1.11,0
11.456,8.24,-12.82,-1.11,0
11.466,6.96,-8.24,-1.42,0
11.476,6.04,-8.24,-1.42,0
11.486,4.94,-8.24,-1.42,0
11.496,3.84,-4.94,-1.62,0
11.506,3.11,-4.94,-1.62,0
11.516,2.56,-4.94,-1.62,0
11.526,1.83,-2.56,-1.73,0
11.536,1.28,-2.56,-1.73,0
11.546,0.91,-2.56,-1.73,0
11.556,0.54,-0.91,-1.78,0
11.566,0.36,-0.91,-1.78,0
11.576,0.18,-0.91,-1.78,0
11.586,-0,-0.18,-1.8,0
11.596,-0,-0.18,-1.8,0
11.606,-0,-0.18,-1.8,0
11.616,-0,0,-1.8,0
11.626,-0,0,-1.8,0
11.636,-0,0,-1.8,0
11.646,-0,0,-1.8,0
11.656,-0,0,-1.8,0
11.666,-0,0,-1.8,0
11.676,-0,0,-1.8,0
11.687,-0,0,-1.8,0
11.697,-0,0,-1.8,0
11.707,-0,0,-1.8,0
11.717,-0,0,-1.8,0
11.727,-0,0,-1.8,0
11.737,-0,0,-1.8,0
11.747,-0,0,-1.8,0
11.757,-0,0,-1.8,0
11.767,-0,0,-1.8,0
11.777,-0,0,-1.8,0
11.787,-0,0,-1.8,0
11.797,-0,0,-1.8,0
11.807,-0,0,-1.8,0
11.817,-0,0,-1.8,0
11.827,-0,0,-1.8,0
11.837,-0,0,-1.8,0
11.847,-0,0,-1.8,0
11.858,-0,0,-1.8,0
11.868,-0,0,-1.8,0
11.878,-0,0,-1.8,0
11.888,-0,0,-1.8,0
11.898,-0,0,-1.8,0
11.908,-0,0,-1.8,0
11.918,-0,0,-1.8,0
11.928,-0,0,-1.8,0
11.938,-0,0,-1.8,0
11.948,-0,0,-1.8,0
11.958,-0,0,-1.8,0
11.968,-0,0,-1.8,0
11.978,-0,0,-1.8,0
11.988,-0,0,-1.8,0
11.998,-0,0,-1.8,0
12.008,-0,0,-1.8,0
12.018,-0,0,-1.8,0
12.028,-0,0,-1.8,0
12.038,-0,0,-1.8,0
12.048,-0,0,-1.8,0
12.058,-0,0,-1.8,0
12.068,-0,0,-1.8,0
12.078,-0,0,-1.8,0
12.088,-0,0,-1.8,0
12.098,-0,0,-1.8,0
12.099,-0,0,0,1
12.122,-0,0,0,0
12.132,-0,0,0,0
12.142,-0,0,0,0
12.152,-0,0,0,0
12.162,-0,0,0,0
12.172,-0,0,0,0
12.182,-0,0,0,0
12.192,-0,0,0,0
12.202,-0,0,0,0
12.212,-0,0,0,0
12.222,-0,0,0,0
12.232,-0,0,0,0
12.242,-0.19,0,0,0
12.252,-0.19,0,0,0
12.262,-0,0,0,0
12.272,-0.19,0,0,0
12.282,-0,0,0,0
12.292,-0,0,0,0
12.302,-0,0,0,0
12.312,-0,0,0,0
12.322,-0,0,0,0
12.332,-0,0,0,0
12.342,-0,0,0,0
12.352,-0,0,0,0
12.362,-0,0,0,0
12.372,-0,0,0,0
12.382,-0,0,0,0
12.392,-0,0,0,0
12.402,-0,0,0,0
12.412,-0,0,0,0
12.422,-0,0,0,0
12.432,-0,0,0,0
12.442,-0,0,0,0
12.452,-0,0,0,0
12.462,-0,0,0,0
12.472,-0,0,0,0
12.482,-0,0,0,0
12.492,-0,0,0,0
12.502,-0,0,0,0
12.512,-0,0,0,0
12.522,-0,0,0,0
12.532,0.18,0,0,0
12.542,0.18,-0.18,-0,0
12.552,0.18,-0.18,-0,0
12.562,0.18,-0.18,-0,0
12.572,0.18,-0.18,-0.01,0
12.583,-0,-0.18,-0.01,0
12.593,-0,-0.18,-0.01,0
12.603,-0,0,-0.01,0
12.613,-0,0,-0.01,0
12.623,-0,0,-0.01,0
12.633,-0,0,-0.01,0
12.643,-0,0,-0.01,0
12.653,-0,0,-0.01,0
12.663,-0,0,-0.01,0
12.673,-0,0,-0.01,0
12.683,-0,0,-0.01,0
12.693,-0,0,-0.01,0
12.703,-0,0,-0.01,0
12.713,-0,0,-0.01,0
12.723,0.18,0,-0.01,0
12.733,-0,0,-0.01,0
12.743,0.18,0,-0.01,0
12.754,-0,-0.18,-0.01,0
12.764,0.18,-0.18,-0.01,0
12.774,-0,-0.18,-0.01,0
12.784,-0,0,-0.01,0
12.794,-0,0,-0.01,0
12.804,-0,0,-0.01,0
12.814,-0,0,-0.01,0
12.824,-0,0,-0.01,0
12.834,-0,0,-0.01,0
12.844,-0,0,-0.01,0
12.854,-0,0,-0.01,0
12.864,-0,0,-0.01,0
12.874,-0,1.4,0.01,0
12.884,-0,1.4,0.01,0
12.894,-0,1.4,0.01,0
12.904,0.18,11.84,0.21,0
12.914,2.38,11.84,0.21,0
12.924,4.58,11.84,0.21,0
12.934,6.59,12.82,0.58,0
12.944,8.43,12.82,0.58,0
12.954,10.08,12.82,0.58,0
12.964,11.36,7.32,0.88,0
12.974,12.28,7.32,0.88,0
12.984,13.37,7.32,0.88,0
12.994,14.11,4.03,1.05,0
13.004,14.84,4.03,1.05,0
13.014,15.57,4.03,1.05,0
13.024,16.31,1.83,1.14,0
13.034,17.04,1.83,1.14,0
13.044,17.41,1.83,1.14,0
13.054,17.77,-0.01,1.16,0
13.064,18.32,-0.01,1.16,0
13.074,18.69,-0.01,1.16,0
13.084,19.06,-1.29,1.14,0
13.095,19.24,-1.29,1.14,0
13.105,19.42,-1.29,1.14,0
13.115,19.61,-2.02,1.09,0
13.125,19.79,-2.02,1.09,0
13.135,19.79,-2.02,1.09,0
13.145,19.97,-2.39,1.03,0
13.155,19.79,-2.39,1.03,0
13.165,19.61,-2.39,1.03,0
13.175,19.61,-2.21,0.96,0
13.185,19.61,-2.21,0.96,0
13.195,19.61,-2.21,0.96,0
13.205,19.61,-2.21,0.89,0
13.215,19.61,-2.21,0.89,0
13.225,19.79,-2.21,0.89,0
13.235,19.79,-2.39,0.82,0
13.245,19.79,-2.39,0.82,0
13.255,19.61,-2.39,0.82,0
13.266,19.61,-2.21,0.76,0
13.276,19.42,-2.21,0.76,0
13.286,19.24,-2.21,0.76,0
13.296,19.24,-1.84,0.69,0
13.306,19.06,-1.84,0.69,0
13.316,19.06,-1.84,0.69,0
13.326,18.87,-1.66,0.64,0
13.336,18.87,-1.66,0.64,0
13.346,18.87,-1.66,0.64,0
13.356,18.87,-1.47,0.59,0
13.366,18.87,-1.47,0.59,0
13.376,19.06,-1.47,0.59,0
13.386,18.87,-1.66,0.55,0
13.396,18.87,-1.66,0.55,0
13.406,18.87,-1.66,0.55,0
13.416,18.69,-1.47,0.5,0
13.426,18.69,-1.47,0.5,0
13.436,18.51,-1.47,0.5,0
13.446,18.51,-1.11,0.46,0
13.456,18.32,-1.11,0.46,0
13.466,18.32,-1.11,0.46,0
13.476,18.32,-0.92,0.43,0
13.486,18.32,-0.92,0.43,0
13.496,18.32,-0.92,0.43,0
13.506,18.32,-0.92,0.4,0
13.516,18.32,-0.92,0.4,0
13.526,18.51,-0.92,0.4,0
13.536,18.32,-1.11,0.37,0
13.546,18.32,-1.11,0.37,0
13.556,18.32,-1.11,0.37,0
13.566,18.32,-0.92,0.34,0
13.576,18.14,-0.92,0.34,0
13.586,18.14,-0.92,0.34,0
13.596,18.14,-0.74,0.32,0
13.607,18.14,-0.74,0.32,0
13.617,17.96,-0.74,0.32,0
13.627,18.14,-0.56,0.3,0
13.637,18.14,-0.56,0.3,0
13.647,17.96,-0.56,0.3,0
13.657,18.14,-0.56,0.28,0
13.667,18.14,-0.56,0.28,0
13.677,18.14,-0.56,0.28,0
13.687,18.14,-0.74,0.26,0
13.697,18.14,-0.74,0.26,0
13.707,17.96,-0.74,0.26,0
13.717,17.96,-0.56,0.24,0
13.727,17.96,-0.56,0.24,0
13.737,17.96,-0.56,0.24,0
13.747,17.77,-0.56,0.23,0
13.757,17.77,-0.56,0.23,0
13.767,17.77,-0.56,0.23,0
13.778,17.77,-0.37,0.21,0
13.788,17.77,-0.37,0.21,0
13.798,17.96,-0.37,0.21,0
13.808,17.96,-0.56,0.2,0
13.818,17.96,-0.56,0.2,0
13.828,17.96,-0.56,0.2,0
13.838,17.96,-0.56,0.18,0
13.848,17.77,-0.56,0.18,0
13.858,17.77,-0.56,0.18,0
13.868,17.77,-0.37,0.17,0
13.878,17.77,-0.37,0.17,0
13.888,17.77,-0.37,0.17,0
13.898,17.77,-0.37,0.16,0
13.908,17.59,-0.37,0.16,0
13.918,17.77,-0.37,0.16,0
13.928,17.77,-0.37,0.14,0
13.938,17.77,-0.37,0.14,0
13.948,17.77,-0.37,0.14,0
13.958,17.77,-0.37,0.13,0
13.968,17.77,-0.37,0.13,0
13.978,17.77,-0.37,0.13,0
13.988,17.77,-0.37,0.12,0
13.998,17.77,-0.37,0.12,0
14.008,17.77,-0.37,0.12,0
14.018,17.59,-0.37,0.11,0
14.028,17.59,-0.37,0.11,0
14.038,17.59,-0.37,0.11,0
14.048,17.59,-0.19,0.1,0
14.058,17.59,-0.19,0.1,0
14.068,17.59,-0.19,0.1,0
14.078,17.59,-0.19,0.1,0
14.088,17.59,-0.19,0.1,0
14.098,17.59,-0.19,0.1,0
14.108,17.59,-0.19,0.09,0
14.119,17.59,-0.19,0.09,0
14.129,17.59,-0.19,0.09,0
14.139,17.59,-0.19,0.09,0
14.149,17.59,-0.19,0.09,0
14.159,17.59,-0.19,0.09,0
14.169,17.59,-0.19,0.08,0
14.179,17.41,-0.19,0.08,0
14.189,17.41,-0.19,0.08,0
14.199,17.41,-0.01,0.08,0
14.209,17.41,-0.01,0.08,0
14.219,17.41,-0.01,0.08,0
14.229,17.41,-0.01,0.08,0
14.239,17.41,-0.01,0.08,0
14.249,17.41,-0.01,0.08,0
14.259,17.41,-0.01,0.08,0
14.269,17.41,-0.01,0.08,0
14.279,17.41,-0.01,0.08,0
14.29,17.41,-0.01,0.08,0
14.3,17.41,-0.01,0.08,0
14.31,17.41,-0.01,0.08,0
14.32,17.41,-0.01,0.08,0
14.33,17.41,-0.01,0.08,0
14.34,17.41,-0.01,0.08,0
14.35,17.22,-0.01,0.08,0
14.36,17.22,-0.01,0.08,0
14.37,17.22,-0.01,0.08,0
14.38,17.41,-1.56,0.05,0
14.39,17.22,-1.56,0.05,0
14.4,17.22,-1.56,0.05,0
14.41,17.22,-12,-0.15,0
14.42,17.04,-12,-0.15,0
14.43,16.49,-12,-0.15,0
14.44,15.76,-16.49,-0.58,0
14.45,15.02,-16.49,-0.58,0
14.46,14.29,-16.49,-0.58,0
14.47,13.37,-14.29,-1.04,0
14.48,12.28,-14.29,-1.04,0
14.49,10.26,-14.29,-1.04,0
14.5,8.79,-10.26,-1.41,0
14.51,7.69,-10.26,-1.41,0
14.52,6.41,-10.26,-1.41,0
14.53,5.49,-6.41,-1.66,0
14.54,4.39,-6.41,-1.66,0
14.55,3.66,-6.41,-1.66,0
14.56,2.74,-3.66,-1.81,0
14.57,2.19,-3.66,-1.81,0
14.58,1.64,-3.66,-1.81,0
14.59,1.09,-1.64,-1.89,0
14.6,0.73,-1.64,-1.89,0
14.61,0.36,-1.64,-1.89,0
14.62,0.18,-0.36,-1.92,0
14.631,-0,-0.36,-1.92,0
14.641,-0,-0.36,-1.92,0
14.651,-0,0,-1.93,0
14.661,-0,0,-1.93,0
14.671,-0,0,-1.93,0
14.681,-0,0,-1.93,0
14.691,-0,0,-1.93,0
14.701,-0,0,-1.93,0
14.711,-0,0,-1.92,0
14.721,-0,0,-1.92,0
14.731,-0,0,-1.92,0
14.741,-0,0,-1.92,0
14.751,-0,0,-1.92,0
14.761,-0,0,-1.92,0
14.771,-0,0,-1.92,0
14.781,-0,0,-1.92,0
14.791,-0,0,-1.92,0
14.802,-0,0,-1.92,0
14.812,-0,0,-1.92,0
14.822,-0,0,-1.92,0
14.832,-0,0,-1.92,0
14.842,-0,0,-1.92,0
14.852,-0,0,-1.92,0
14.862,-0,0,-1.92,0
14.872,-0,0,-1.92,0
14.882,-0,0,-1.92,0
14.892,-0,0,-1.92,0
14.902,-0,0,-1.92,0
14.912,-0,0,-1.92,0
14.922,-0,0,-1.92,0
14.932,-0,0,-1.92,0
14.942,-0,0,-1.92,0
14.952,-0,0,-1.92,0
14.962,-0,0,-1.92,0
14.972,-0,0,-1.92,0
14.982,-0,0,-1.92,0
14.992,-0,0,-1.92,0
15.002,-0,0,-1.92,0
15.012,-0,0,-1.92,0
15.022,-0,0,-1.92,0
15.032,-0,0,-1.92,0
15.042,-0,0,-1.92,0
15.052,-0,0,-1.92,0
15.062,-0,0,-1.92,0
15.072,-0,0,-1.92,0
15.082,-0,0,-1.92,0
15.092,-0,0,-1.92,0
15.102,-0,0,-1.92,0
15.112,-0,0,-1.92,0
15.122,-0,0,-1.92,0
15.132,-0,0,-1.92,0
15.133,-0,0,0,1
15.155,-0,0,0,0
15.165,-0,0,0,0
15.175,-0,0,0,0
15.186,-0,0,0,0
15.196,-0,0,0,0
15.206,-0,0,0,0
15.216,-0,0,0,0
15.226,-0,0,0,0
15.236,-0,0,0,0
15.246,-0,0,0,0
15.256,-0.19,0,0,0
15.266,-0,0,0,0
15.276,-0,0,0,0
15.286,-0,0,0,0
15.296,-0,0,0,0
15.306,-0,0,0,0
15.316,-0,0,0,0
15.326,-0,0,0,0
15.336,-0,0,0,0
15.346,-0,0,0,0
15.356,-0,0,0,0
15.366,-0,0,0,0
15.376,-0,0,0,0
15.386,-0,0,0,0
15.396,-0,0,0,0
15.406,-0,0,0,0
15.416,-0,0,0,0
15.426,-0,0,0,0
15.436,-0,0,0,0
15.446,-0,0,0,0
15.456,-0,0,0,0
15.466,-0,0,0,0
15.476,-0,0,0,0
15.486,-0,0,0,0
15.496,-0,0,0,0
15.506,-0,0,0,0
15.516,-0,0,0,0
15.527,-0,0,0,0
15.537,-0,0,0,0
15.547,-0,0,0,0
15.557,-0,0,0,0
15.567,-0,0,0,0
15.577,0.18,0,0,0
15.587,-0,0,0,0
15.597,0.18,0,0,0
15.607,0.18,-0.18,-0,0
15.617,-0,-0.18,-0,0
15.627,-0,-0.18,-0,0
15.637,-0,0,-0,0
15.647,-0,0,-0,0
15.657,-0,0,-0,0
15.667,0.18,0,-0,0
15.677,-0,0,-0,0
15.687,-0,0,-0,0
15.698,-0,0,-0,0
15.708,-0,0,-0,0
15.718,-0,0,-0,0
15.728,-0,0,-0,0
15.738,0.18,0,-0,0
15.748,0.18,0,-0,0
15.758,-0,-0.18,-0.01,0
15.768,0.18,-0.18,-0.01,0
15.778,0.18,-0.18,-0.01,0
15.788,0.18,-0.18,-0.01,0
15.798,0.18,-0.18,-0.01,0
15.808,0.18,-0.18,-0.01,0
15.818,-0,-0.18,-0.02,0
15.828,0.18,-0.18,-0.02,0
15.838,0.18,-0.18,-0.02,0
15.848,-0,-0.18,-0.02,0
15.858,-0,-0.18,-0.02,0
15.868,-0,-0.18,-0.02,0
15.878,-0,0,-0.02,0
15.888,-0,0,-0.02,0
15.898,-0,0,-0.02,0
15.908,-0,0.7,-0.01,0
15.918,-0,0.7,-0.01,0
15.928,-0,0.7,-0.01,0
15.938,-0,11.14,0.16,0
15.948,1.64,11.14,0.16,0
15.958,3.84,11.14,0.16,0
15.968,5.86,13.56,0.53,0
15.978,7.69,13.56,0.53,0
15.988,9.34,13.56,0.53,0
15.998,10.44,8.06,0.86,0
16.008,11.73,8.06,0.86,0
16.018,13.01,8.06,0.86,0
16.028,13.74,4.39,1.05,0
16.039,14.47,4.39,1.05,0
16.049,15.39,4.39,1.05,0
16.059,15.94,2.01,1.14,0
16.069,16.49,2.01,1.14,0
16.079,17.22,2.01,1.14,0
16.089,17.59,0.18,1.17,0
16.099,18.14,0.18,1.17,0
16.109,18.51,0.18,1.17,0
16.119,18.87,-1.11,1.16,0
16.129,19.24,-1.11,1.16,0
16.139,19.42,-1.11,1.16,0
16.149,19.61,-2.02,1.11,0
16.159,19.79,-2.02,1.11,0
16.169,19.79,-2.02,1.11,0
16.179,19.97,-2.39,1.05,0
16.189,19.79,-2.39,1.05,0
16.199,19.61,-2.39,1.05,0
16.21,19.61,-2.21,0.98,0
16.22,19.61,-2.21,0.98,0
16.23,19.61,-2.21,0.98,0
16.24,19.61,-2.21,0.91,0
16.25,19.61,-2.21,0.91,0
16.26,19.61,-2.21,0.91,0
16.27,19.61,-2.21,0.85,0
16.28,19.61,-2.21,0.85,0
16.29,19.61,-2.21,0.85,0
16.3,19.61,-2.21,0.78,0
16.31,19.42,-2.21,0.78,0
16.32,19.42,-2.21,0.78,0
16.33,19.24,-2.02,0.71,0
16.34,19.24,-2.02,0.71,0
16.35,19.24,-2.02,0.71,0
16.36,19.06,-1.84,0.66,0
16.37,19.06,-1.84,0.66,0
16.38,19.06,-1.84,0.66,0
16.39,19.06,-1.66,0.6,0
16.4,19.06,-1.66,0.6,0
16.41,19.06,-1.66,0.6,0
16.42,19.24,-1.66,0.55,0
16.43,19.06,-1.66,0.55,0
16.44,18.87,-1.66,0.55,0
16.45,18.87,-1.47,0.51,0
16.46,18.69,-1.47,0.51,0
16.47,18.69,-1.47,0.51,0
16.48,18.69,-1.29,0.47,0
16.49,18.51,-1.29,0.47,0
16.5,18.51,-1.29,0.47,0
16.51,18.32,-1.11,0.43,0
16.52,18.32,-1.11,0.43,0
16.53,18.32,-1.11,0.43,0
16.54,18.32,-0.92,0.4,0
16.551,18.51,-0.92,0.4,0
16.561,18.51,-0.92,0.4,0
16.571,18.51,-1.11,0.37,0
16.581,18.51,-1.11,0.37,0
16.591,18.51,-1.11,0.37,0
16.601,18.51,-1.11,0.34,0
16.611,18.32,-1.11,0.34,0
16.621,18.32,-1.11,0.34,0
16.631,18.14,-0.92,0.31,0
16.641,18.14,-0.92,0.31,0
16.651,18.14,-0.92,0.31,0
16.661,18.14,-0.74,0.28,0
16.671,18.14,-0.74,0.28,0
16.681,18.14,-0.74,0.28,0
16.691,18.14,-0.74,0.26,0
16.701,18.14,-0.74,0.26,0
16.711,18.14,-0.74,0.26,0
16.722,18.14,-0.74,0.24,0
16.732,18.32,-0.74,0.24,0
16.742,18.14,-0.74,0.24,0
16.752,18.14,-0.74,0.21,0
16.762,17.96,-0.74,0.21,0
16.772,17.96,-0.74,0.21,0
16.782,17.96,-0.56,0.19,0
16.792,17.96,-0.56,0.19,0
16.802,17.96,-0.56,0.19,0
16.812,17.96,-0.56,0.18,0
16.822,17.96,-0.56,0.18,0
16.832,17.96,-0.56,0.18,0
16.842,17.96,-0.56,0.16,0
16.852,17.96,-0.56,0.16,0
16.862,17.96,-0.56,0.16,0
16.872,17.96,-0.56,0.14,0
16.882,17.96,-0.56,0.14,0
16.892,17.96,-0.56,0.14,0
16.902,17.77,-0.56,0.13,0
16.912,17.77,-0.56,0.13,0
16.922,17.77,-0.56,0.13,0
16.932,17.77,-0.37,0.11,0
16.942,17.77,-0.37,0.11,0
16.952,17.77,-0.37,0.11,0
16.962,17.77,-0.37,0.1,0
16.972,17.77,-0.37,0.1,0
16.982,17.77,-0.37,0.1,0
16.992,17.77,-0.37,0.09,0
17.002,17.77,-0.37,0.09,0
17.012,17.77,-0.37,0.09,0
17.022,17.77,-0.37,0.08,0
17.032,17.77,-0.37,0.08,0
17.042,17.77,-0.37,0.08,0
17.052,17.77,-0.37,0.07,0
17.063,17.77,-0.37,0.07,0
17.073,17.59,-0.37,0.07,0
17.083,17.59,-0.19,0.06,0
17.093,17.59,-0.19,0.06,0
17.103,17.59,-0.19,0.06,0
17.113,17.59,-0.19,0.05,0
17.123,17.59,-0.19,0.05,0
17.133,17.59,-0.19,0.05,0
17.143,17.59,-0.19,0.05,0
17.153,17.59,-0.19,0.05,0
17.163,17.59,-0.19,0.05,0
17.173,17.59,-0.19,0.04,0
17.183,17.59,-0.19,0.04,0
17.193,17.59,-0.19,0.04,0
17.203,17.59,-0.19,0.04,0
17.213,17.59,-0.19,0.04,0
17.223,17.59,-0.19,0.04,0
17.234,17.59,-0.19,0.03,0
17.244,17.59,-0.19,0.03,0
17.254,17.41,-0.19,0.03,0
17.264,17.41,-0.01,0.03,0
17.274,17.59,-0.01,0.03,0
17.284,17.59,-0.01,0.03,0
17.294,17.41,-0.19,0.03,0
17.304,17.59,-0.19,0.03,0
17.314,17.41,-0.19,0.03,0
17.324,17.41,-0.01,0.02,0
17.334,17.41,-0.01,0.02,0
17.344,17.41,-0.01,0.02,0
17.354,17.41,-0.01,0.02,0
17.364,17.41,-0.01,0.02,0
17.374,17.41,-0.01,0.02,0
17.384,17.41,-0.01,0.02,0
17.394,17.41,-0.01,0.02,0
17.404,17.41,-0.01,0.02,0
17.414,17.41,-1.4,0,0
17.424,17.41,-1.4,0,0
17.434,17.41,-1.4,0,0
17.444,17.41,-11.84,-0.2,0
17.454,17.04,-11.84,-0.2,0
17.464,16.67,-11.84,-0.2,0
17.474,15.94,-16.67,-0.63,0
17.484,15.21,-16.67,-0.63,0
17.494,14.47,-16.67,-0.63,0
17.504,13.37,-14.47,-1.09,0
17.514,12.28,-14.47,-1.09,0
17.524,10.26,-14.47,-1.09,0
17.534,9.16,-10.26,-1.46,0
17.544,7.88,-10.26,-1.46,0
17.554,6.59,-10.26,-1.46,0
17.564,5.49,-6.59,-1.72,0
17.575,4.39,-6.59,-1.72,0
17.585,3.48,-6.59,-1.72,0
17.595,2.74,-3.48,-1.87,0
17.605,2.19,-3.48,-1.87,0
17.615,1.64,-3.48,-1.87,0
17.625,1.09,-1.64,-1.94,0
17.635,0.73,-1.64,-1.94,0
17.645,0.36,-1.64,-1.94,0
17.655,0.18,-0.36,-1.97,0
17.665,-0,-0.36,-1.97,0
17.675,-0,-0.36,-1.97,0
17.685,-0,0,-1.98,0
17.695,-0,0,-1.98,0
17.705,-0,0,-1.98,0
17.715,-0,0,-1.98,0
17.725,-0,0,-1.98,0
17.735,-0,0,-1.98,0
17.746,-0,0,-1.98,0
17.756,-0,0,-1.98,0
17.766,-0,0,-1.98,0
17.776,-0,0,-1.98,0
17.786,-0,0,-1.98,0
17.796,-0,0,-1.98,0
17.806,-0,0,-1.98,0
17.816,-0,0,-1.98,0
17.826,-0,0,-1.98,0
17.836,-0,0,-1.98,0
17.846,-0,0,-1.98,0
17.856,-0,0,-1.98,0
17.866,-0,0,-1.98,0
17.876,-0,0,-1.98,0
17.886,-0,0,-1.98,0
17.896,-0,0,-1.98,0
17.906,-0,0,-1.98,0
17.916,-0,0,-1.98,0
17.926,-0,0,-1.98,0
17.936,-0,0,-1.98,0
17.946,-0,0,-1.98,0
17.956,-0,0,-1.98,0
17.966,-0,0,-1.98,0
17.976,-0,0,-1.98,0
17.986,-0,0,-1.98,0
17.996,-0,0,-1.98,0
18.006,-0,0,-1.98,0
18.016,-0,0,-1.98,0
18.026,-0,0,-1.98,0
18.036,-0,0,-1.98,0
18.046,-0,0,-1.98,0
18.056,-0,0,-1.98,0
18.066,-0,0,-1.98,0
18.076,-0,0,-1.98,0
18.087,-0,0,-1.98,0
18.097,-0,0,-1.98,0
18.107,-0,0,-1.98,0
18.117,-0,0,-1.98,0
18.127,-0,0,-1.98,0
18.137,-0,0,-1.98,0
18.147,-0,0,-1.98,0
18.157,-0,0,-1.98,0
18.164,-0,0,0,1
18.186,-0,0,0,0
18.196,-0,0,0,0
18.206,-0,0,0,0
18.216,-0,0,0,0
18.226,-0,0,0,0
18.236,-0,0,0,0
18.246,-0,0,0,0
18.256,-0,0,0,0
18.266,-0,0,0,0
18.276,-0,0,0,0
18.286,-0.19,0,0,0
18.296,-0,0,0,0
18.306,-0,0,0,0
18.316,-0,0,0,0
18.326,-0,0,0,0
18.336,-0,0,0,0
18.346,-0,0,0,0
18.356,-0.19,0,0,0
18.366,-0,0.19,0,0
18.376,-0,0.19,0,0
18.386,-0,0.19,0,0
18.396,-0,0,0.01,0
18.406,-0,0,0.01,0
18.416,-0,0,0.01,0
18.426,-0,0,0.01,0
18.436,-0,0,0.01,0
18.446,-0,0,0.01,0
18.456,-0,0,0.01,0
18.466,-0,0,0.01,0
18.476,-0,0,0.01,0
18.486,-0,0,0.01,0
18.496,-0,0,0.01,0
18.506,-0,0,0.01,0
18.516,-0,0,0.01,0
18.526,-0,0,0.01,0
18.536,-0,0,0.01,0
18.546,-0,0,0.01,0
18.556,-0,0,0.01,0
18.566,-0,0,0.01,0
18.576,-0,0,0.01,0
18.586,-0,0,0.01,0
18.596,-0,0,0.01,0
18.606,0.18,0,0.01,0
18.616,0.18,0,0.01,0
18.626,0.18,0,0.01,0
18.636,-0,-0.18,0,0
18.646,0.18,-0.18,0,0
18.656,-0,-0.18,0,0
18.666,0.18,0,0,0
18.676,-0,0,0,0
18.686,-0,0,0,0
18.696,-0,0,0,0
18.706,-0,0,0,0
18.716,-0,0,0,0
18.727,-0,0,0,0
18.737,-0,0,0,0
18.747,-0,0,0,0
18.757,-0,0,0,0
18.767,0.18,0,0,0
18.777,0.18,0,0,0
18.787,0.18,-0.18,0,0
18.797,0.18,-0.18,0,0
18.807,0.18,-0.18,0,0
18.817,0.18,-0.18,-0.01,0
18.827,0.18,-0.18,-0.01,0
18.837,0.18,-0.18,-0.01,0
18.847,0.18,-0.18,-0.01,0
18.857,0.18,-0.18,-0.01,0
18.867,0.18,-0.18,-0.01,0
18.877,0.18,-0.18,-0.02,0
18.887,-0,-0.18,-0.02,0
18.898,0.18,-0.18,-0.02,0
18.908,-0,-0.18,-0.02,0
18.918,0.18,-0.18,-0.02,0
18.928,-0,-0.18,-0.02,0
18.938,-0,1.4,-0,0
18.948,0.18,1.4,-0,0
18.958,0.18,1.4,-0,0
18.968,0.18,11.65,0.19,0
18.978,1.64,11.65,0.19,0
18.988,4.39,11.65,0.19,0
18.998,6.59,13.01,0.56,0
19.008,8.24,13.01,0.56,0
19.018,9.89,13.01,0.56,0
19.028,10.99,7.51,0.88,0
19.038,12.28,7.51,0.88,0
19.048,13.19,7.51,0.88,0
19.058,14.11,4.21,1.06,0
19.068,14.84,4.21,1.06,0
19.078,15.39,4.21,1.06,0
19.088,16.12,2.01,1.15,0
19.098,16.67,2.01,1.15,0
19.108,17.22,2.01,1.15,0
19.118,17.77,0.18,1.18,0
19.128,18.14,0.18,1.18,0
19.138,18.69,0.18,1.18,0
19.148,18.87,-1.29,1.17,0
19.158,19.24,-1.29,1.17,0
19.168,19.42,-1.29,1.17,0
19.178,19.61,-2.02,1.12,0
19.188,19.79,-2.02,1.12,0
19.198,19.97,-2.02,1.12,0
19.208,19.97,-2.57,1.05,0
19.218,19.97,-2.57,1.05,0
19.228,19.79,-2.57,1.05,0
19.239,19.79,-2.39,0.97,0
19.249,19.61,-2.39,0.97,0
19.259,19.61,-2.39,0.97,0
19.269,19.61,-2.21,0.9,0
19.279,19.79,-2.21,0.9,0
19.289,19.79,-2.21,0.9,0
19.299,19.79,-2.39,0.83,0
19.309,19.79,-2.39,0.83,0
19.319,19.79,-2.39,0.83,0
19.329,19.61,-2.39,0.76,0
19.339,19.61,-2.39,0.76,0
19.349,19.42,-2.39,0.76,0
19.359,19.24,-2.02,0.7,0
19.369,19.24,-2.02,0.7,0
19.379,19.06,-2.02,0.7,0
19.389,19.06,-1.66,0.64,0
19.399,19.06,-1.66,0.64,0
19.41,19.06,-1.66,0.64,0
19.42,19.06,-1.66,0.59,0
19.43,19.06,-1.66,0.59,0
19.44,19.06,-1.66,0.59,0
19.45,18.87,-1.66,0.54,0
19.46,18.87,-1.66,0.54,0
19.47,18.87,-1.66,0.54,0
19.48,18.87,-1.47,0.5,0
19.49,18.69,-1.47,0.5,0
19.5,18.69,-1.47,0.5,0
19.51,18.51,-1.29,0.45,0
19.52,18.32,-1.29,0.45,0
19.53,18.32,-1.29,0.45,0
19.54,18.32,-0.92,0.42,0
19.55,18.32,-0.92,0.42,0
19.56,18.32,-0.92,0.42,0
19.57,18.32,-0.92,0.39,0
19.58,18.51,-0.92,0.39,0
19.59,18.51,-0.92,0.39,0
19.6,18.51,-1.11,0.36,0
19.61,18.32,-1.11,0.36,0
19.62,18.32,-1.11,0.36,0
19.63,18.32,-0.92,0.33,0
19.64,18.32,-0.92,0.33,0
19.65,18.14,-0.92,0.33,0
19.66,18.14,-0.74,0.31,0
19.67,18.14,-0.74,0.31,0
19.68,18.14,-0.74,0.31,0
19.69,18.14,-0.74,0.28,0
19.7,17.96,-0.74,0.28,0
19.71,18.14,-0.74,0.28,0
19.72,17.96,-0.74,0.26,0
19.73,18.14,-0.74,0.26,0
19.74,18.14,-0.74,0.26,0
19.751,18.14,-0.74,0.24,0
19.761,17.96,-0.74,0.24,0
19.771,17.96,-0.74,0.24,0
19.781,17.96,-0.56,0.22,0
19.791,17.96,-0.56,0.22,0
19.801,17.96,-0.56,0.22,0
19.811,17.77,-0.56,0.2,0
19.821,17.77,-0.56,0.2,0
19.831,17.77,-0.56,0.2,0
19.841,17.77,-0.37,0.19,0
19.851,17.77,-0.37,0.19,0
19.861,17.77,-0.37,0.19,0
19.871,17.96,-0.37,0.18,0
19.881,17.77,-0.37,0.18,0
19.891,17.96,-0.37,0.18,0
19.901,17.77,-0.56,0.17,0
19.911,17.96,-0.56,0.17,0
19.922,17.77,-0.56,0.17,0
19.932,17.77,-0.37,0.15,0
19.942,17.77,-0.37,0.15,0
19.952,17.77,-0.37,0.15,0
19.962,17.59,-0.37,0.14,0
19.972,17.59,-0.37,0.14,0
19.982,17.59,-0.37,0.14,0
19.992,17.59,-0.19,0.13,0
20.002,17.59,-0.19,0.13,0
20.012,17.59,-0.19,0.13,0
20.022,17.77,-0.19,0.13,0
20.032,17.77,-0.19,0.13,0
20.042,17.77,-0.19,0.13,0
20.052,17.59,-0.37,0.12,0
20.062,17.77,-0.37,0.12,0
20.072,17.59,-0.37,0.12,0
20.082,17.59,-0.19,0.11,0
20.092,17.59,-0.19,0.11,0
20.102,17.59,-0.19,0.11,0
20.112,17.41,-0.19,0.1,0
20.122,17.41,-0.19,0.1,0
20.132,17.41,-0.19,0.1,0
20.142,17.41,-0.01,0.1,0
20.152,17.59,-0.01,0.1,0
20.162,17.59,-0.01,0.1,0
20.172,17.59,-0.19,0.1,0
20.182,17.59,-0.19,0.1,0
20.192,17.59,-0.19,0.1,0
20.202,17.59,-0.19,0.09,0
20.212,17.41,-0.19,0.09,0
20.222,17.41,-0.19,0.09,0
20.232,17.41,-0.01,0.09,0
20.242,17.41,-0.01,0.09,0
20.252,17.41,-0.01,0.09,0
20.263,17.41,-0.01,0.09,0
20.273,17.41,-0.01,0.09,0
20.283,17.41,-0.01,0.09,0
20.293,17.41,-0.01,0.09,0
20.303,17.41,-0.01,0.09,0
20.313,17.41,-0.01,0.09,0
20.323,17.41,-0.01,0.09,0
20.333,17.41,-0.01,0.09,0
20.343,17.41,-0.01,0.09,0
20.353,17.41,-0.01,0.09,0
20.363,17.41,-0.01,0.09,0
20.373,17.41,-0.01,0.09,0
20.383,17.41,-0.01,0.09,0
20.393,17.22,-0.01,0.09,0
20.403,17.22,-0.01,0.09,0
20.413,17.22,0.18,0.09,0
20.423,17.22,0.18,0.09,0
20.434,17.22,0.18,0.09,0
20.444,17.22,-1.56,0.07,0
20.454,17.22,-1.56,0.07,0
20.464,17.22,-1.56,0.07,0
20.474,17.22,-12,-0.13,0
20.484,17.04,-12,-0.13,0
20.494,16.49,-12,-0.13,0
20.504,15.76,-16.49,-0.56,0
20.514,15.02,-16.49,-0.56,0
20.524,14.47,-16.49,-0.56,0
20.534,13.56,-14.47,-1.03,0
20.544,12.46,-14.47,-1.03,0
20.554,10.99,-14.47,-1.03,0
20.564,9.34,-10.99,-1.41,0
20.574,8.06,-10.99,-1.41,0
20.584,6.96,-10.99,-1.41,0
20.594,5.68,-6.96,-1.68,0
20.604,4.76,-6.96,-1.68,0
20.614,3.84,-6.96,-1.68,0
20.624,3.11,-3.84,-1.84,0
20.634,2.38,-3.84,-1.84,0
20.644,1.83,-3.84,-1.84,0
20.654,1.28,-1.83,-1.93,0
20.664,0.91,-1.83,-1.93,0
20.674,0.54,-1.83,-1.93,0
20.684,0.36,-0.54,-1.96,0
20.694,0.18,-0.54,-1.96,0
20.704,-0,-0.54,-1.96,0
20.714,-0,0,-1.97,0
20.724,-0,0,-1.97,0
20.734,-0,0,-1.97,0
20.744,-0,0,-1.97,0
20.754,-0,0,-1.97,0
20.764,-0,0,-1.97,0
20.775,-0,0,-1.97,0
20.785,-0,0,-1.97,0
20.795,-0,0,-1.97,0
20.805,-0,0,-1.97,0
20.815,-0,0,-1.97,0
20.825,-0,0,-1.97,0
20.835,-0,0,-1.97,0
20.845,-0,0,-1.97,0
20.855,-0,0,-1.97,0
20.865,-0,0,-1.97,0
20.875,-0,0,-1.97,0
20.885,-0,0,-1.97,0
20.895,-0,0,-1.97,0
20.905,-0,0,-1.97,0
20.915,-0,0,-1.97,0
20.925,-0,0,-1.97,0
20.935,-0,0,-1.97,0
20.946,-0,0,-1.97,0
20.956,-0,0,-1.97,0
20.966,-0,0,-1.97,0
20.976,-0,0,-1.97,0
20.986,-0,0,-1.97,0
20.996,-0,0,-1.97,0
21.006,-0,0,-1.97,0
21.016,-0,0,-1.97,0
21.026,-0,0,-1.97,0
21.036,-0,0,-1.97,0
21.046,-0,0,-1.97,0
21.056,-0,0,-1.97,0
21.066,-0,0,-1.97,0
21.076,-0,0,-1.97,0
21.086,-0,0,-1.97,0
21.096,-0,0,-1.97,0
21.106,-0,0,-1.97,0
21.116,-0,0,-1.97,0
21.126,-0,0,-1.97,0
21.136,-0,0,-1.97,0
21.146,-0,0,-1.97,0
21.156,-0,0,-1.97,0
21.166,-0,0,-1.97,0
21.176,-0,0,-1.97,0
21.186,-0,0,-1.97,0
21.196,-0,0,-1.97,0
21.197,-0,0,0,1
21.219,-0,0,0,0
21.229,-0,0,0,0
21.239,-0,0,0,0
21.249,-0,0,0,0
21.259,-0,0,0,0
21.269,-0,0,0,0
21.279,-0,0,0,0
21.289,-0,0,0,0
21.299,-0,0,0,0
21.309,-0,0,0,0
21.319,-0,0,0,0
21.33,-0,0,0,0
21.34,-0.19,0,0,0
21.35,-0,0,0,0
21.36,-0.19,0,0,0
21.37,-0,0.19,0,0
21.38,-0,0.19,0,0
21.39,-0,0.19,0,0
21.4,-0.19,0,0.01,0
21.41,-0,0,0.01,0
21.42,-0,0,0.01,0
21.43,-0,0,0.01,0
21.44,-0,0,0.01,0
21.45,-0,0,0.01,0
21.46,-0,0,0.01,0
21.47,-0,0,0.01,0
21.48,-0,0,0.01,0
21.49,-0,0,0.01,0
21.5,-0,0,0.01,0
21.51,-0,0,0.01,0
21.52,-0,0,0.01,0
21.53,-0,0,0.01,0
21.54,-0,0,0.01,0
21.55,-0,0,0.01,0
21.56,-0,0,0.01,0
21.57,-0,0,0.01,0
21.58,-0,0,0.01,0
21.59,-0,0,0.01,0
21.6,-0,0,0.01,0
21.61,-0,0,0.01,0
21.62,-0,0,0.01,0
21.63,-0,0,0.01,0
21.64,0.18,0,0.01,0
21.65,0.18,0,0.01,0
21.66,0.18,0,0.01,0
21.671,0.18,-0.18,0,0
21.681,0.18,-0.18,0,0
21.691,0.18,-0.18,0,0
21.701,-0,-0.18,-0,0
21.711,-0,-0.18,-0,0
21.721,-0,-0.18,-0,0
21.731,-0,0,-0,0
21.741,-0,0,-0,0
21.751,-0,0,-0,0
21.761,-0,0,-0,0
21.771,-0,0,-0,0
21.781,-0,0,-0,0
21.791,-0,0,-0,0
21.801,-0,0,-0,0
21.811,-0,0,-0,0
21.821,-0,0,-0,0
21.831,-0,0,-0,0
21.842,0.18,0,-0,0
21.852,0.18,-0.18,-0.01,0
21.862,0.18,-0.18,-0.01,0
21.872,0.18,-0.18,-0.01,0
21.882,-0,-0.18,-0.01,0
21.892,0.18,-0.18,-0.01,0
21.902,-0,-0.18,-0.01,0
21.912,-0,0,-0.01,0
21.922,-0,0,-0.01,0
21.932,-0,0,-0.01,0
21.942,-0,0,-0.01,0
21.952,-0,0,-0.01,0
21.962,-0,0,-0.01,0
21.972,-0,1.05,0,0
21.982,-0,1.05,0,0
21.992,-0,1.05,0,0
22.002,-0,11.49,0.19,0
22.012,1.64,11.49,0.19,0
22.022,4.21,11.49,0.19,0
22.032,6.04,13.19,0.56,0
22.042,7.88,13.19,0.56,0
22.052,9.53,13.19,0.56,0
22.062,10.99,7.87,0.88,0
22.072,12.09,7.87,0.88,0
22.082,13.01,7.87,0.88,0
22.092,13.92,4.39,1.06,0
22.102,14.66,4.39,1.06,0
22.112,15.39,4.39,1.06,0
22.122,16.12,2.01,1.16,0
22.132,16.67,2.01,1.16,0
22.142,17.22,2.01,1.16,0
22.152,17.59,0.18,1.19,0
22.162,18.14,0.18,1.19,0
22.172,18.51,0.18,1.19,0
22.183,18.87,-1.11,1.18,0
22.193,19.24,-1.11,1.18,0
22.203,19.42,-1.11,1.18,0
22.213,19.61,-2.02,1.13,0
22.223,19.79,-2.02,1.13,0
22.233,19.79,-2.02,1.13,0
22.243,19.97,-2.39,1.06,0
22.253,19.97,-2.39,1.06,0
22.263,19.61,-2.39,1.06,0
22.273,19.61,-2.21,0.99,0
22.283,19.61,-2.21,0.99,0
22.293,19.61,-2.21,0.99,0
22.303,19.61,-2.21,0.93,0
22.313,19.61,-2.21,0.93,0
22.323,19.61,-2.21,0.93,0
22.333,19.79,-2.21,0.86,0
22.343,19.79,-2.21,0.86,0
22.354,19.61,-2.21,0.86,0
22.364,19.61,-2.21,0.8,0
22.374,19.61,-2.21,0.8,0
22.384,19.42,-2.21,0.8,0
22.394,19.42,-2.02,0.73,0
22.404,19.24,-2.02,0.73,0
22.414,19.24,-2.02,0.73,0
22.424,19.24,-1.84,0.67,0
22.434,19.24,-1.84,0.67,0
22.444,19.24,-1.84,0.67,0
22.454,19.24,-1.84,0.62,0
22.464,19.24,-1.84,0.62,0
22.474,19.42,-1.84,0.62,0
22.484,19.42,-2.02,0.56,0
22.494,19.42,-2.02,0.56,0
22.504,19.24,-2.02,0.56,0
22.514,19.06,-1.84,0.5,0
22.524,19.06,-1.84,0.5,0
22.534,18.87,-1.84,0.5,0
22.544,18.87,-1.47,0.45,0
22.554,18.69,-1.47,0.45,0
22.564,18.69,-1.47,0.45,0
22.574,18.69,-1.29,0.41,0
22.584,18.51,-1.29,0.41,0
22.594,18.69,-1.29,0.41,0
22.604,18.69,-1.29,0.37,0
22.614,18.69,-1.29,0.37,0
22.624,18.51,-1.29,0.37,0
22.634,18.69,-1.11,0.34,0
22.644,18.51,-1.11,0.34,0
22.654,18.51,-1.11,0.34,0
22.664,18.51,-1.11,0.3,0
22.674,18.32,-1.11,0.3,0
22.684,18.14,-1.11,0.3,0
22.695,18.14,-0.74,0.28,0
22.705,18.14,-0.74,0.28,0
22.715,18.14,-0.74,0.28,0
22.725,17.96,-0.74,0.25,0
22.735,17.96,-0.74,0.25,0
22.745,17.96,-0.74,0.25,0
22.755,18.14,-0.56,0.23,0
22.765,18.14,-0.56,0.23,0
22.775,18.14,-0.56,0.23,0
22.785,18.14,-0.74,0.21,0
22.795,18.14,-0.74,0.21,0
22.805,18.14,-0.74,0.21,0
22.815,17.96,-0.74,0.19,0
22.825,17.96,-0.74,0.19,0
22.835,17.77,-0.74,0.19,0
22.845,17.77,-0.37,0.18,0
22.855,17.77,-0.37,0.18,0
22.866,17.96,-0.37,0.18,0
22.876,17.77,-0.56,0.16,0
22.886,17.77,-0.56,0.16,0
22.896,17.77,-0.56,0.16,0
22.906,17.77,-0.37,0.15,0
22.916,17.77,-0.37,0.15,0
22.926,17.96,-0.37,0.15,0
22.936,17.77,-0.56,0.13,0
22.946,17.96,-0.56,0.13,0
22.956,17.77,-0.56,0.13,0
22.966,17.77,-0.37,0.12,0
22.976,17.77,-0.37,0.12,0
22.986,17.59,-0.37,0.12,0
22.996,17.59,-0.19,0.11,0
23.006,17.59,-0.19,0.11,0
23.016,17.59,-0.19,0.11,0
23.026,17.59,-0.19,0.11,0
23.036,17.59,-0.19,0.11,0
23.046,17.77,-0.19,0.11,0
23.056,17.77,-0.37,0.1,0
23.066,17.77,-0.37,0.1,0
23.076,17.77,-0.37,0.1,0
23.086,17.77,-0.37,0.09,0
23.096,17.77,-0.37,0.09,0
23.106,17.59,-0.37,0.09,0
23.116,17.59,-0.19,0.08,0
23.126,17.59,-0.19,0.08,0
23.136,17.59,-0.19,0.08,0
23.146,17.59,-0.19,0.07,0
23.156,17.59,-0.19,0.07,0
23.166,17.59,-0.19,0.07,0
23.176,17.59,-0.19,0.07,0
23.186,17.59,-0.19,0.07,0
23.196,17.59,-0.19,0.07,0
23.207,17.59,-0.19,0.06,0
23.217,17.59,-0.19,0.06,0
23.227,17.59,-0.19,0.06,0
23.237,17.59,-0.19,0.05,0
23.247,17.59,-0.19,0.05,0
23.257,17.41,-0.19,0.05,0
23.267,17.41,-0.01,0.05,0
23.277,17.41,-0.01,0.05,0
23.287,17.41,-0.01,0.05,0
23.297,17.41,-0.01,0.05,0
23.307,17.41,-0.01,0.05,0
23.317,17.41,-0.01,0.05,0
23.327,17.41,-0.01,0.05,0
23.337,17.41,-0.01,0.05,0
23.347,17.41,-0.01,0.05,0
23.357,17.41,-0.01,0.05,0
23.367,17.41,-0.01,0.05,0
23.378,17.41,-0.01,0.05,0
23.388,17.41,-0.01,0.05,0
23.398,17.41,-0.01,0.05,0
23.408,17.41,-0.01,0.05,0
23.418,17.41,-0.01,0.05,0
23.428,17.22,-0.01,0.05,0
23.438,17.41,-0.01,0.05,0
23.448,17.22,-0.01,0.05,0
23.458,17.22,-0.01,0.05,0
23.468,17.22,-0.01,0.05,0
23.478,17.22,-1.22,0.03,0
23.488,17.22,-1.22,0.03,0
23.498,17.22,-1.22,0.03,0
23.508,17.22,-11.66,-0.16,0
23.518,17.04,-11.66,-0.16,0
23.528,16.67,-11.66,-0.16,0
23.538,15.94,-16.67,-0.59,0
23.548,15.39,-16.67,-0.59,0
23.558,14.47,-16.67,-0.59,0
23.568,13.56,-14.47,-1.05,0
23.578,12.64,-14.47,-1.05,0
23.588,11.36,-14.47,-1.05,0
23.598,9.71,-11.36,-1.44,0
23.608,8.61,-11.36,-1.44,0
23.618,7.14,-11.36,-1.44,0
23.628,6.04,-7.14,-1.72,0
23.638,4.94,-7.14,-1.72,0
23.648,4.03,-7.14,-1.72,0
23.658,3.29,-4.03,-1.89,0
23.668,2.56,-4.03,-1.89,0
23.678,1.83,-4.03,-1.89,0
23.688,1.46,-1.83,-1.97,0
23.698,0.91,-1.83,-1.97,0
23.708,0.54,-1.83,-1.97,0
23.719,0.36,-0.54,-2.01,0
23.729,0.18,-0.54,-2.01,0
23.739,-0,-0.18,-2.02,0
23.749,-0,-0.18,-2.02,0
23.759,-0,-0.18,-2.02,0
23.769,-0,0,-2.02,0
23.779,-0,0,-2.02,0
23.789,-0,0,-2.02,0
23.799,-0,0,-2.02,0
23.809,-0,0,-2.02,0
23.819,-0,0,-2.02,0
23.829,-0,0,-2.02,0
23.839,-0,0,-2.02,0
23.849,-0,0,-2.02,0
23.859,-0,0,-2.02,0
23.869,-0,0,-2.02,0
23.879,-0,0,-2.02,0
23.89,-0,0,-2.02,0
23.9,-0,0,-2.02,0
23.91,-0,0,-2.02,0
23.92,-0,0,-2.02,0
23.93,-0,0,-2.02,0
23.94,-0,0,-2.02,0
23.95,-0,0,-2.02,0
23.96,-0,0,-2.02,0
23.97,-0,0,-2.02,0
23.98,-0,0,-2.02,0
23.99,-0,0,-2.02,0
24,-0,0,-2.02,0
24.01,-0,0,-2.02,0
24.02,-0,0,-2.02,0
24.03,-0,0,-2.02,0
24.04,-0,0,-2.02,0
24.05,-0,0,-2.02,0
24.06,-0,0,-2.02,0
24.07,-0,0,-2.02,0
24.08,-0,0,-2.02,0
24.09,-0,0,-2.02,0
24.1,-0,0,-2.02,0
24.11,-0,0,-2.02,0
24.12,-0,0,-2.02,0
24.13,-0,0,-2.02,0
24.14,-0,0,-2.02,0
24.15,-0,0,-2.02,0
24.16,-0,0,-2.02,0
24.17,-0,0,-2.02,0
24.18,-0,0,-2.02,0
24.19,-0,0,-2.02,0
24.2,-0,0,-2.02,0
24.21,-0,0,-2.02,0
24.22,-0,0,-2.02,0
24.229,-0,0,0,1
24.251,-0,0,0,0
24.261,-0,0,0,0
24.271,-0,0,0,0
24.281,-0,0,0,0
24.291,-0,0,0,0
24.301,-0,0,0,0
24.311,-0,0,0,0
24.321,-0,0,0,0
24.331,-0,0,0,0
24.341,-0,0,0,0
24.351,-0,0,0,0
24.361,-0,0,0,0
24.371,-0,0,0,0
24.381,-0.19,0,0,0
24.391,-0,0,0,0
24.402,-0,0,0,0
24.412,-0,0,0,0
24.422,-0,0,0,0
24.432,-0,0,0,0
24.442,-0,0,0,0
24.452,-0,0,0,0
24.462,-0,0,0,0
24.472,-0,0,0,0
24.482,-0,0,0,0
24.492,-0,0,0,0
24.502,-0,0,0,0
24.512,-0,0,0,0
24.522,-0,0,0,0
24.532,-0,0,0,0
24.542,-0,0,0,0
24.552,-0,0,0,0
24.562,-0,0,0,0
24.572,-0,0,0,0
24.582,-0,0,0,0
24.592,-0,0,0,0
24.602,-0,0,0,0
24.612,-0,0,0,0
24.622,-0,0,0,0
24.632,-0,0,0,0
24.642,-0,0,0,0
24.652,-0,0,0,0
24.662,-0,0,0,0
24.672,-0,0,0,0
24.682,-0,0,0,0
24.692,0.18,0,0,0
24.702,0.18,-0.18,-0,0
24.712,0.18,-0.18,-0,0
24.722,0.18,-0.18,-0,0
24.732,-0,-0.18,-0.01,0
24.743,0.18,-0.18,-0.01,0
24.753,-0,-0.18,-0.01,0
24.763,-0,0,-0.01,0
24.773,-0,0,-0.01,0
24.783,-0,0,-0.01,0
24.793,-0,0,-0.01,0
24.803,-0,0,-0.01,0
24.813,-0,0,-0.01,0
24.823,-0,0,-0.01,0
24.833,-0,0,-0.01,0
24.843,-0,0,-0.01,0
24.853,-0,0,-0.01,0
24.863,-0,0,-0.01,0
24.873,0.18,0,-0.01,0
24.883,-0,-0.18,-0.01,0
24.893,0.18,-0.18,-0.01,0
24.903,-0,-0.18,-0.01,0
24.914,-0,0,-0.01,0
24.924,-0,0,-0.01,0
24.934,-0,0,-0.01,0
24.944,-0,0,-0.01,0
24.954,-0,0,-0.01,0
24.964,-0,0,-0.01,0
24.974,-0,0,-0.01,0
24.984,-0,0,-0.01,0
24.994,-0,0,-0.01,0
25.004,-0,1.4,0.01,0
25.014,-0,1.4,0.01,0
25.024,-0,1.4,0.01,0
25.034,-0,11.84,0.21,0
25.044,2.01,11.84,0.21,0
25.054,4.76,11.84,0.21,0
25.064,6.78,12.64,0.57,0
25.074,8.43,12.64,0.57,0
25.084,9.89,12.64,0.57,0
25.094,11.18,7.51,0.88,0
25.104,12.28,7.51,0.88,0
25.114,13.37,7.51,0.88,0
25.124,14.29,4.03,1.05,0
25.134,14.84,4.03,1.05,0
25.144,15.57,4.03,1.05,0
25.154,16.12,1.83,1.14,0
25.164,16.86,1.83,1.14,0
25.174,17.22,1.83,1.14,0
25.184,17.77,0.18,1.17,0
25.194,18.32,0.18,1.17,0
25.204,18.69,0.18,1.17,0
25.214,18.87,-1.29,1.15,0
25.224,19.24,-1.29,1.15,0
25.234,19.61,-1.29,1.15,0
25.244,19.61,-2.21,1.1,0
25.255,19.79,-2.21,1.1,0
25.265,19.42,-2.21,1.1,0
25.275,19.24,-2.02,1.03,0
25.285,19.24,-2.02,1.03,0
25.295,19.06,-2.02,1.03,0
25.305,19.06,-1.66,0.98,0
25.315,19.06,-1.66,0.98,0
25.325,19.06,-1.66,0.98,0
25.335,19.06,-1.66,0.93,0
25.345,19.06,-1.66,0.93,0
25.355,19.06,-1.66,0.93,0
25.365,19.06,-1.66,0.88,0
25.375,19.24,-1.66,0.88,0
25.385,19.24,-1.66,0.88,0
25.395,19.06,-1.84,0.83,0
25.405,19.06,-1.84,0.83,0
25.415,18.87,-1.84,0.83,0
25.426,18.87,-1.47,0.78,0
25.436,18.69,-1.47,0.78,0
25.446,18.87,-1.47,0.78,0
25.456,18.69,-1.47,0.73,0
25.466,18.69,-1.47,0.73,0
25.476,18.69,-1.47,0.73,0
25.486,18.69,-1.29,0.69,0
25.496,18.69,-1.29,0.69,0
25.506,18.87,-1.29,0.69,0
25.516,18.87,-1.47,0.65,0
25.526,18.87,-1.47,0.65,0
25.536,18.69,-1.47,0.65,0
25.546,18.69,-1.29,0.61,0
25.556,18.69,-1.29,0.61,0
25.566,18.69,-1.29,0.61,0
25.576,18.51,-1.29,0.57,0
25.586,18.69,-1.29,0.57,0
25.596,18.51,-1.29,0.57,0
25.606,18.51,-1.11,0.53,0
25.616,18.51,-1.11,0.53,0
25.626,18.51,-1.11,0.53,0
25.636,18.51,-1.11,0.5,0
25.646,18.51,-1.11,0.5,0
25.656,18.51,-1.11,0.5,0
25.666,18.51,-1.11,0.47,0
25.676,18.51,-1.11,0.47,0
25.686,18.51,-1.11,0.47,0
25.696,18.51,-1.11,0.43,0
25.706,18.51,-1.11,0.43,0
25.716,18.32,-1.11,0.43,0
25.726,18.32,-0.92,0.4,0
25.736,18.32,-0.92,0.4,0
25.746,18.32,-0.92,0.4,0
25.756,18.32,-0.92,0.37,0
25.767,18.32,-0.92,0.37,0
25.777,18.32,-0.92,0.37,0
25.787,18.32,-0.92,0.35,0
25.797,18.32,-0.92,0.35,0
25.807,18.32,-0.92,0.35,0
25.817,18.32,-0.92,0.32,0
25.827,18.51,-0.92,0.32,0
25.837,18.32,-0.92,0.32,0
25.847,18.32,-0.92,0.29,0
25.857,18.14,-0.92,0.29,0
25.867,18.14,-0.92,0.29,0
25.877,18.14,-0.74,0.27,0
25.887,18.14,-0.74,0.27,0
25.897,18.14,-0.74,0.27,0
25.907,18.14,-0.74,0.24,0
25.917,18.14,-0.74,0.24,0
25.927,18.14,-0.74,0.24,0
25.938,18.14,-0.74,0.22,0
25.948,18.14,-0.74,0.22,0
25.958,18.14,-0.74,0.22,0
25.968,18.14,-0.74,0.2,0
25.978,18.14,-0.74,0.2,0
25.988,18.14,-0.74,0.2,0
25.998,18.14,-0.74,0.18,0
26.008,18.14,-0.74,0.18,0
26.018,17.96,-0.74,0.18,0
26.028,17.96,-0.56,0.16,0
26.038,17.96,-0.56,0.16,0
26.048,17.96,-0.56,0.16,0
26.058,17.96,-0.56,0.14,0
26.068,17.96,-0.56,0.14,0
26.078,17.96,-0.56,0.14,0
26.088,17.96,-0.56,0.13,0
26.098,17.96,-0.56,0.13,0
26.108,17.96,-0.56,0.13,0
26.118,17.96,-0.56,0.11,0
26.128,17.96,-0.56,0.11,0
26.138,17.96,-0.56,0.11,0
26.148,17.96,-0.56,0.09,0
26.158,17.96,-0.56,0.09,0
26.168,17.96,-0.56,0.09,0
26.178,17.77,-0.56,0.08,0
26.188,17.77,-0.56,0.08,0
26.198,17.77,-0.56,0.08,0
26.208,17.77,-0.37,0.06,0
26.218,17.77,-0.37,0.06,0
26.228,17.77,-0.37,0.06,0
26.238,17.96,-0.37,0.05,0
26.248,17.96,-0.37,0.05,0
26.258,17.77,-0.37,0.05,0
26.268,17.77,-0.37,0.04,0
26.279,17.77,-0.37,0.04,0
26.289,17.77,-0.37,0.04,0
26.299,17.77,-0.37,0.03,0
26.309,17.77,-0.37,0.03,0
26.319,17.77,-0.37,0.03,0
26.329,17.77,-0.37,0.02,0
26.339,17.77,-0.37,0.02,0
26.349,17.59,-0.37,0.02,0
26.359,17.77,-0.19,0.01,0
26.369,17.77,-0.19,0.01,0
26.379,17.77,-0.19,0.01,0
26.389,17.77,-0.37,-0,0
26.399,17.59,-0.37,-0,0
26.409,17.77,-0.37,-0,0
26.419,17.59,-0.37,-0.01,0
26.429,17.59,-0.37,-0.01,0
26.439,17.59,-0.37,-0.01,0
26.45,17.59,-0.19,-0.02,0
26.46,17.59,-0.19,-0.02,0
26.47,17.59,-0.19,-0.02,0
26.48,17.59,-0.19,-0.03,0
26.49,17.59,-0.19,-0.03,0
26.5,17.59,-0.19,-0.03,0
26.51,17.59,-1.93,-0.06,0
26.52,17.59,-1.93,-0.06,0
26.53,17.41,-1.93,-0.06,0
26.54,17.04,-12.19,-0.27,0
26.55,16.49,-12.19,-0.27,0
26.56,15.76,-12.19,-0.27,0
26.57,15.02,-15.76,-0.69,0
26.58,14.29,-15.76,-0.69,0
26.59,13.37,-15.76,-0.69,0
26.6,12.28,-13.37,-1.13,0
26.61,10.08,-13.37,-1.13,0
26.62,8.79,-13.37,-1.13,0
26.63,7.69,-8.79,-1.46,0
26.64,6.41,-8.79,-1.46,0
26.65,5.31,-8.79,-1.46,0
26.66,4.39,-5.31,-1.67,0
26.67,3.48,-5.31,-1.67,0
26.68,2.74,-5.31,-1.67,0
26.69,2.01,-2.74,-1.79,0
26.7,1.64,-2.74,-1.79,0
26.71,1.09,-2.74,-1.79,0
26.72,0.73,-1.09,-1.85,0
26.73,0.54,-1.09,-1.85,0
26.74,0.18,-1.09,-1.85,0
26.75,-0,-0.18,-1.87,0
26.76,-0,-0.18,-1.87,0
26.77,-0,-0.18,-1.87,0
26.78,-0,0,-1.87,0
26.791,-0,0,-1.87,0
26.801,-0,0,-1.87,0
26.811,-0,0,-1.87,0
26.821,-0,0,-1.87,0
26.831,-0,0,-1.87,0
26.841,-0,0,-1.87,0
26.851,-0,0,-1.87,0
26.861,-0,0,-1.87,0
26.871,-0,0,-1.87,0
26.881,-0,0,-1.87,0
26.891,-0,0,-1.87,0
26.901,-0,0,-1.87,0
26.911,-0,0,-1.87,0
26.921,-0,0,-1.87,0
26.931,-0,0,-1.87,0
26.941,-0,0,-1.87,0
26.951,-0,0,-1.87,0
26.962,-0,0,-1.87,0
26.972,-0,0,-1.87,0
26.982,-0,0,-1.87,0
26.992,-0,0,-1.87,0
27.002,-0,0,-1.87,0
27.012,-0,0,-1.87,0
27.022,-0,0,-1.87,0
27.032,-0,0,-1.87,0
27.042,-0,0,-1.87,0
27.052,-0,0,-1.87,0
27.062,-0,0,-1.87,0
27.072,-0,0,-1.87,0
27.082,-0,0,-1.87,0
27.092,-0,0,-1.87,0
27.102,-0,0,-1.87,0
27.112,-0,0,-1.87,0
27.122,-0,0,-1.87,0
27.132,-0,0,-1.87,0
27.142,-0,0,-1.87,0
27.152,-0,0,-1.87,0
27.162,-0,0,-1.87,0
27.172,-0,0,-1.87,0
27.182,-0,0,-1.87,0
27.192,-0,0,-1.87,0
27.202,-0,0,-1.87,0
27.212,-0,0,-1.87,0
27.222,-0,0,-1.87,0
27.232,-0,0,-1.87,0
27.242,-0,0,-1.87,0
27.252,-0,0,-1.87,0
27.262,-0,0,-1.87,0
27.263,-0,0,0,1
27.284,-0,0,0,0
27.294,-0,0,0,0
27.304,-0,0,0,0
27.314,-0,0,0,0
27.324,-0,0,0,0
27.334,-0,0,0,0
27.344,-0,0,0,0
27.354,-0,0,0,0
27.364,-0,0,0,0
27.374,-0,0,0,0
27.384,-0,0,0,0
27.394,-0,0,0,0
27.404,-0.19,0,0,0
27.414,-0,0,0,0
27.424,-0,0,0,0
27.434,-0,0,0,0
27.444,-0,0,0,0
27.454,-0,0,0,0
27.464,-0.19,0,0,0
27.474,-0,0,0,0
27.484,-0,0,0,0
27.494,-0,0,0,0
27.504,-0,0,0,0
27.514,0.18,0,0,0
27.524,-0,-0.18,-0,0
27.534,-0,-0.18,-0,0
27.544,-0,-0.18,-0,0
27.554,-0,0,-0,0
27.564,-0,0,-0,0
27.574,-0,0,-0,0
27.584,-0,0,-0,0
27.594,-0,0,-0,0
27.604,-0,0,-0,0
27.614,-0,0,-0,0
27.624,-0,0,-0,0
27.634,-0,0,-0,0
27.644,-0,0,-0,0
27.654,-0,0,-0,0
27.664,-0,0,-0,0
27.674,-0,0,-0,0
27.684,-0,0,-0,0
27.694,-0,0,-0,0
27.704,-0,0,-0,0
27.714,-0,0,-0,0
27.724,-0,0,-0,0
27.734,-0,0,-0,0
27.744,-0,0,-0,0
27.754,-0,0,-0,0
27.764,-0,0,-0,0
27.774,-0,0,-0,0
27.784,-0,0,-0,0
27.794,-0,0,-0,0
27.804,-0,0,-0,0
27.815,-0,0,-0,0
27.825,-0,0,-0,0
27.835,-0,0,-0,0
27.845,-0,0,-0,0
27.855,-0,0,-0,0
27.865,-0,0,-0,0
27.875,-0,0,-0,0
27.885,-0,0,-0,0
27.895,-0,0,-0,0
27.905,-0,0,-0,0
27.915,-0,0,-0,0
27.925,-0,0,-0,0
27.935,-0,0,-0,0
27.945,-0,0,-0,0
27.955,-0,0,-0,0
27.965,-0,0,-0,0
27.975,-0,0,-0,0
27.986,-0,0,-0,0
27.996,-0,0,-0,0
28.006,-0,0,-0,0
28.016,-0,0,-0,0
28.026,-0,0,-0,0
28.036,-0,1.05,0.01,0
28.046,-0,1.05,0.01,0
28.056,-0,1.05,0.01,0
28.066,-0,11.49,0.2,0
28.076,0.91,11.49,0.2,0
28.086,4.21,11.49,0.2,0
28.096,6.04,13.19,0.57,0
28.106,8.06,13.19,0.57,0
28.116,9.53,13.19,0.57,0
28.126,10.81,7.87,0.89,0
28.136,11.91,7.87,0.89,0
28.146,13.01,7.87,0.89,0
28.156,13.92,4.39,1.07,0
28.166,14.66,4.39,1.07,0
28.176,15.39,4.39,1.07,0
28.186,16.12,2.01,1.17,0
28.196,16.67,2.01,1.17,0
28.206,17.22,2.01,1.17,0
28.216,17.59,0.18,1.2,0
28.226,18.14,0.18,1.2,0
28.236,18.51,0.18,1.2,0
28.246,18.87,-1.11,1.19,0
28.256,19.24,-1.11,1.19,0
28.266,19.42,-1.11,1.19,0
28.276,19.61,-2.02,1.14,0
28.286,19.79,-2.02,1.14,0
28.296,19.97,-2.02,1.14,0
28.306,19.97,-2.57,1.07,0
28.316,20.16,-2.57,1.07,0
28.327,19.79,-2.57,1.07,0
28.337,19.61,-2.39,1,0
28.347,19.61,-2.39,1,0
28.357,19.61,-2.39,1,0
28.367,19.61,-2.21,0.93,0
28.377,19.61,-2.21,0.93,0
28.387,19.79,-2.21,0.93,0
28.397,19.79,-2.39,0.86,0
28.407,19.79,-2.39,0.86,0
28.417,19.79,-2.39,0.86,0
28.427,19.61,-2.39,0.79,0
28.437,19.61,-2.39,0.79,0
28.447,19.42,-2.39,0.79,0
28.457,19.42,-2.02,0.72,0
28.467,19.24,-2.02,0.72,0
28.477,19.06,-2.02,0.72,0
28.487,19.06,-1.66,0.66,0
28.498,19.06,-1.66,0.66,0
28.508,18.87,-1.66,0.66,0
28.518,19.06,-1.47,0.62,0
28.528,18.87,-1.47,0.62,0
28.538,19.06,-1.47,0.62,0
28.548,19.06,-1.66,0.57,0
28.558,19.06,-1.66,0.57,0
28.568,18.87,-1.66,0.57,0
28.578,18.87,-1.47,0.52,0
28.588,18.69,-1.47,0.52,0
28.598,18.69,-1.47,0.52,0
28.608,18.51,-1.29,0.48,0
28.618,18.51,-1.29,0.48,0
28.628,18.32,-1.29,0.48,0
28.638,18.32,-0.92,0.45,0
28.648,18.32,-0.92,0.45,0
28.658,18.32,-0.92,0.45,0
28.668,18.32,-0.92,0.42,0
28.678,18.32,-0.92,0.42,0
28.688,18.51,-0.92,0.42,0
28.698,18.32,-1.11,0.39,0
28.708,18.51,-1.11,0.39,0
28.718,18.32,-1.11,0.39,0
28.728,18.32,-0.92,0.36,0
28.738,18.32,-0.92,0.36,0
28.748,18.14,-0.92,0.36,0
28.758,18.14,-0.74,0.33,0
28.768,18.14,-0.74,0.33,0
28.778,18.14,-0.74,0.33,0
28.788,18.14,-0.74,0.31,0
28.798,18.14,-0.74,0.31,0
28.808,18.14,-0.74,0.31,0
28.818,18.14,-0.74,0.29,0
28.828,18.14,-0.74,0.29,0
28.839,18.14,-0.74,0.29,0
28.849,18.14,-0.74,0.27,0
28.859,18.14,-0.74,0.27,0
28.869,18.14,-0.74,0.27,0
28.879,18.14,-0.74,0.25,0
28.889,17.96,-0.74,0.25,0
28.899,17.96,-0.74,0.25,0
28.909,17.96,-0.56,0.23,0
28.919,17.96,-0.56,0.23,0
28.929,17.96,-0.56,0.23,0
28.939,17.96,-0.56,0.21,0
28.949,17.96,-0.56,0.21,0
28.959,17.96,-0.56,0.21,0
28.969,17.96,-0.56,0.19,0
28.979,17.96,-0.56,0.19,0
28.989,17.96,-0.56,0.19,0
28.999,17.96,-0.56,0.18,0
29.01,17.96,-0.56,0.18,0
29.02,17.96,-0.56,0.18,0
29.03,17.96,-0.56,0.16,0
29.04,17.77,-0.56,0.16,0
29.05,17.77,-0.56,0.16,0
29.06,17.77,-0.37,0.15,0
29.07,17.77,-0.37,0.15,0
29.08,17.77,-0.37,0.15,0
29.09,17.77,-0.37,0.13,0
29.1,17.77,-0.37,0.13,0
29.11,17.77,-0.37,0.13,0
29.12,17.77,-0.37,0.12,0
29.13,17.77,-0.37,0.12,0
29.14,17.77,-0.37,0.12,0
29.15,17.77,-0.37,0.11,0
29.16,17.77,-0.37,0.11,0
29.17,17.77,-0.37,0.11,0
29.18,17.77,-0.37,0.1,0
29.19,17.59,-0.37,0.1,0
29.2,17.59,-0.37,0.1,0
29.21,17.59,-0.19,0.09,0
29.22,17.59,-0.19,0.09,0
29.23,17.59,-0.19,0.09,0
29.24,17.59,-0.19,0.09,0
29.25,17.59,-0.19,0.09,0
29.26,17.59,-0.19,0.09,0
29.27,17.59,-0.19,0.08,0
29.28,17.59,-0.19,0.08,0
29.29,17.59,-0.19,0.08,0
29.3,17.59,-0.19,0.07,0
29.31,17.59,-0.19,0.07,0
29.32,17.59,-0.19,0.07,0
29.33,17.59,-0.19,0.07,0
29.34,17.59,-0.19,0.07,0
29.351,17.41,-0.19,0.07,0
29.361,17.41,-0.01,0.07,0
29.371,17.41,-0.01,0.07,0
29.381,17.41,-0.01,0.07,0
29.391,17.41,-0.01,0.07,0
29.401,17.41,-0.01,0.07,0
29.411,17.41,-0.01,0.07,0
29.421,17.41,-0.01,0.07,0
29.431,17.41,-0.01,0.07,0
29.441,17.41,-0.01,0.07,0
29.451,17.41,-0.01,0.07,0
29.461,17.41,-0.01,0.07,0
29.471,17.41,-0.01,0.07,0
29.481,17.41,-0.01,0.07,0
29.491,17.41,-0.01,0.07,0
29.501,17.41,-0.01,0.07,0
29.511,17.22,-0.01,0.06,0
29.522,17.41,-0.01,0.06,0
29.532,17.22,-0.01,0.06,0
29.542,17.22,-1.56,0.04,0
29.552,17.41,-1.56,0.04,0
29.562,17.41,-1.56,0.04,0
29.572,17.22,-12.19,-0.16,0
29.582,17.04,-12.19,-0.16,0
29.592,16.67,-12.19,-0.16,0
29.602,15.94,-16.67,-0.6,0
29.612,15.21,-16.67,-0.6,0
29.622,14.47,-16.67,-0.6,0
29.632,13.74,-14.47,-1.07,0
29.642,12.64,-14.47,-1.07,0
29.652,11.54,-14.47,-1.07,0
29.662,9.53,-11.54,-1.46,0
29.672,8.24,-11.54,-1.46,0
29.682,6.96,-11.54,-1.46,0
29.692,6.04,-6.96,-1.73,0
29.702,4.94,-6.96,-1.73,0
29.712,4.03,-6.96,-1.73,0
29.722,3.11,-4.03,-1.9,0
29.732,2.38,-4.03,-1.9,0
29.742,1.83,-4.03,-1.9,0
29.752,1.46,-1.83,-1.99,0
29.762,0.91,-1.83,-1.99,0
29.772,0.54,-1.83,-1.99,0
29.782,0.36,-0.54,-2.02,0
29.792,-0,-0.54,-2.02,0
29.802,-0,-0.54,-2.02,0
29.812,-0,0,-2.03,0
29.822,-0,0,-2.03,0
29.832,-0,0,-2.03,0
29.842,-0,0,-2.03,0
29.852,-0,0,-2.03,0
29.863,-0,0,-2.03,0
29.873,-0,0,-2.03,0
29.883,-0,0,-2.03,0
29.893,-0,0,-2.03,0
29.903,-0,0,-2.03,0
29.913,-0,0,-2.03,0
29.923,-0,0,-2.03,0
29.933,-0,0,-2.03,0
29.943,-0,0,-2.03,0
29.953,-0,0,-2.03,0
29.963,-0,0,-2.03,0
29.973,-0,0,-2.03,0
29.983,-0,0,-2.03,0
29.993,-0,0,-2.03,0
30.003,-0,0,-2.03,0
30.013,-0,0,-2.03,0
30.023,-0,0,-2.03,0
30.034,-0,0,-2.03,0
30.044,-0,0,-2.03,0
30.054,-0,0,-2.03,0
30.064,-0,0,-2.03,0
30.074,-0,0,-2.03,0
30.084,-0,0,-2.03,0
30.094,-0,0,-2.03,0
30.104,-0,0,-2.03,0
30.114,-0,0,-2.03,0
30.124,-0,0,-2.03,0
30.134,-0,0,-2.03,0
30.144,-0,0,-2.03,0
30.154,-0,0,-2.03,0
30.164,-0,0,-2.03,0
30.174,-0,0,-2.03,0
30.184,-0,0,-2.03,0
30.194,-0,0,-2.03,0
30.204,-0,0,-2.03,0
30.214,-0,0,-2.03,0
30.224,-0,0,-2.03,0
30.234,-0,0,-2.03,0
30.244,-0,0,-2.03,0
30.254,-0,0,-2.03,0
30.264,-0,0,-2.03,0
30.274,-0,0,-2.03,0
30.284,-0,0,-2.03,0
30.294,-0,0,-2.03,0
30.295,-0,0,0,1
30.318,-0.19,0,0,0
30.328,-0,0,0,0
30.338,-0,0,0,0
30.348,-0,0,0,0
30.358,-0,0,0,0
30.368,-0,0,0,0
30.378,-0,0,0,0
30.388,-0,0,0,0
30.398,-0,0,0,0
30.408,-0,0,0,0
30.418,-0,0,0,0
30.428,-0,0,0,0
30.438,-0,0,0,0
30.448,-0,0,0,0
30.458,-0,0,0,0
30.468,-0,0,0,0
30.478,-0,0,0,0
30.488,-0,0,0,0
30.498,-0,0,0,0
30.508,-0,0,0,0
30.518,-0,0,0,0
30.528,-0,0,0,0
30.538,-0,0,0,0
30.548,-0,0,0,0
30.558,-0,0,0,0
30.568,-0,0,0,0
30.578,-0,0,0,0
30.588,-0,0,0,0
30.598,-0,0,0,0
30.608,-0,0,0,0
30.618,-0,0,0,0
30.628,-0,0,0,0
30.638,-0,0,0,0
30.648,-0,0,0,0
30.658,-0,0,0,0
30.668,-0,0,0,0
30.678,-0,0,0,0
30.688,-0,0,0,0
30.698,-0,0,0,0
30.708,-0,0,0,0
30.718,-0,0,0,0
30.728,-0,0,0,0
30.738,-0,0,0,0
30.748,0.18,0,0,0
30.759,0.18,0,0,0
30.769,0.18,-0.18,-0,0
30.779,0.18,-0.18,-0,0
30.789,-0,-0.18,-0,0
30.799,0.18,0,-0,0
30.809,-0,0,-0,0
30.819,-0,0,-0,0
30.829,0.18,0,-0,0
30.839,-0,0,-0,0
30.849,-0,0,-0,0
30.859,-0,0,-0,0
30.869,-0,0,-0,0
30.879,-0,0,-0,0
30.889,-0,0,-0,0
30.899,-0,0,-0,0
30.909,-0,0,-0,0
30.919,-0,0,-0,0
30.93,-0,0,-0,0
30.94,-0,0,-0,0
30.95,-0,0,-0,0
30.96,0.18,0,-0,0
30.97,0.18,0,-0,0
30.98,0.18,-0.18,-0.01,0
30.99,-0,-0.18,-0.01,0
31,-0,-0.18,-0.01,0
31.01,-0,0,-0.01,0
31.02,-0,0,-0.01,0
31.03,-0,0,-0.01,0
31.04,-0,0,-0.01,0
31.05,-0,0,-0.01,0
31.06,-0,0,-0.01,0
31.07,-0,0.7,0,0
31.08,-0,0.7,0,0
31.09,-0,0.7,0,0
31.1,-0,11.14,0.18,0
31.11,0.18,11.14,0.18,0
31.12,3.48,11.14,0.18,0
31.13,5.49,13.92,0.56,0
31.14,7.33,13.92,0.56,0
31.15,8.79,13.92,0.56,0
31.16,10.44,8.61,0.89,0
31.17,11.73,8.61,0.89,0
31.18,12.82,8.61,0.89,0
31.19,13.56,4.58,1.09,0
31.2,14.47,4.58,1.09,0
31.21,15.21,4.58,1.09,0
31.22,15.76,2.19,1.19,0
31.23,16.49,2.19,1.19,0
31.24,17.04,2.19,1.19,0
31.25,17.41,0.36,1.23,0
31.26,17.96,0.36,1.23,0
31.271,18.51,0.36,1.23,0
31.281,18.69,-1.11,1.22,0
31.291,19.06,-1.11,1.22,0
31.301,19.42,-1.11,1.22,0
31.311,19.61,-2.02,1.17,0
31.321,19.79,-2.02,1.17,0
31.331,19.79,-2.02,1.17,0
31.341,19.97,-2.39,1.11,0
31.351,20.16,-2.39,1.11,0
31.361,19.61,-2.39,1.11,0
31.371,19.61,-2.21,1.04,0
31.381,19.61,-2.21,1.04,0
31.391,19.61,-2.21,1.04,0
31.401,19.61,-2.21,0.97,0
31.411,19.61,-2.21,0.97,0
31.421,19.61,-2.21,0.97,0
31.431,19.61,-2.21,0.91,0
31.442,19.61,-2.21,0.91,0
31.452,19.61,-2.21,0.91,0
31.462,19.61,-2.21,0.84,0
31.472,19.61,-2.21,0.84,0
31.482,19.42,-2.21,0.84,0
31.492,19.42,-2.02,0.78,0
31.502,19.24,-2.02,0.78,0
31.512,19.24,-2.02,0.78,0
31.522,19.24,-1.84,0.72,0
31.532,19.24,-1.84,0.72,0
31.542,19.24,-1.84,0.72,0
31.552,19.24,-1.84,0.66,0
31.562,19.24,-1.84,0.66,0
31.572,19.24,-1.84,0.66,0
31.582,19.24,-1.84,0.61,0
31.592,19.42,-1.84,0.61,0
31.602,19.24,-1.84,0.61,0
31.612,19.24,-1.84,0.55,0
31.622,19.24,-1.84,0.55,0
31.632,19.06,-1.84,0.55,0
31.642,19.06,-1.66,0.5,0
31.652,18.87,-1.66,0.5,0
31.662,18.87,-1.66,0.5,0
31.672,18.69,-1.47,0.45,0
31.682,18.69,-1.47,0.45,0
31.692,18.69,-1.47,0.45,0
31.702,18.69,-1.29,0.41,0
31.712,18.69,-1.29,0.41,0
31.722,18.69,-1.29,0.41,0
31.732,18.69,-1.29,0.37,0
31.742,18.69,-1.29,0.37,0
31.752,18.51,-1.29,0.37,0
31.762,18.51,-1.11,0.34,0
31.772,18.51,-1.11,0.34,0
31.783,18.32,-1.11,0.34,0
31.793,18.32,-0.92,0.31,0
31.803,18.32,-0.92,0.31,0
31.813,18.14,-0.92,0.31,0
31.823,18.14,-0.74,0.28,0
31.833,18.14,-0.74,0.28,0
31.843,18.14,-0.74,0.28,0
31.853,18.32,-0.74,0.26,0
31.863,18.32,-0.74,0.26,0
31.873,18.32,-0.74,0.26,0
31.883,18.32,-0.92,0.23,0
31.893,18.32,-0.92,0.23,0
31.903,18.32,-0.92,0.23,0
31.913,18.32,-0.92,0.21,0
31.923,18.14,-0.92,0.21,0
31.933,18.14,-0.92,0.21,0
31.943,18.14,-0.74,0.18,0
31.954,17.96,-0.74,0.18,0
31.964,17.96,-0.74,0.18,0
31.974,17.96,-0.56,0.16,0
31.984,17.96,-0.56,0.16,0
31.994,17.96,-0.56,0.16,0
32.004,17.96,-0.56,0.15,0
32.014,18.14,-0.56,0.15,0
32.024,17.96,-0.56,0.15,0
32.034,18.14,-0.56,0.13,0
32.044,17.96,-0.56,0.13,0
32.054,17.96,-0.56,0.13,0
32.064,17.96,-0.56,0.11,0
32.074,17.96,-0.56,0.11,0
32.084,17.77,-0.56,0.11,0
32.094,17.77,-0.37,0.1,0
32.104,17.77,-0.37,0.1,0
32.114,17.77,-0.37,0.1,0
32.124,17.77,-0.37,0.09,0
32.134,17.77,-0.37,0.09,0
32.144,17.77,-0.37,0.09,0
32.154,17.77,-0.37,0.08,0
32.164,17.77,-0.37,0.08,0
32.174,17.77,-0.37,0.08,0
32.184,17.77,-0.37,0.06,0
32.194,17.77,-0.37,0.06,0
32.204,17.77,-0.37,0.06,0
32.214,17.77,-0.37,0.05,0
32.224,17.77,-0.37,0.05,0
32.234,17.59,-0.37,0.05,0
32.244,17.59,-0.19,0.04,0
32.254,17.59,-0.19,0.04,0
32.264,17.59,-0.19,0.04,0
32.274,17.59,-0.19,0.04,0
32.284,17.59,-0.19,0.04,0
32.295,17.59,-0.19,0.04,0
32.305,17.77,-0.19,0.03,0
32.315,17.77,-0.19,0.03,0
32.325,17.59,-0.19,0.03,0
32.335,17.59,-0.19,0.03,0
32.345,17.59,-0.19,0.03,0
32.355,17.59,-0.19,0.03,0
32.365,17.59,-0.19,0.02,0
32.375,17.59,-0.19,0.02,0
32.385,17.59,-0.19,0.02,0
32.395,17.41,-0.19,0.02,0
32.405,17.59,-0.19,0.02,0
32.415,17.59,-0.19,0.02,0
32.425,17.59,-0.19,0.01,0
32.435,17.59,-0.19,0.01,0
32.445,17.59,-0.19,0.01,0
32.455,17.59,-0.19,0,0
32.466,17.59,-0.19,0,0
32.476,17.59,-0.19,0,0
32.486,17.41,-0.19,-0,0
32.496,17.59,-0.19,-0,0
32.506,17.41,-0.19,-0,0
32.516,17.41,-0.01,-0,0
32.526,17.41,-0.01,-0,0
32.536,17.41,-0.01,-0,0
32.546,17.41,-0.01,-0,0
32.556,17.41,-0.01,-0,0
32.566,17.22,-0.01,-0,0
32.576,17.41,-0.87,-0.02,0
32.586,17.41,-0.87,-0.02,0
32.596,17.41,-0.87,-0.02,0
32.606,17.41,-11.49,-0.2,0
32.616,17.22,-11.49,-0.2,0
32.626,16.67,-11.49,-0.2,0
32.636,16.12,-16.67,-0.63,0
32.646,15.39,-16.67,-0.63,0
32.656,14.66,-16.67,-0.63,0
32.666,13.74,-14.66,-1.1,0
32.676,12.64,-14.66,-1.1,0
32.686,11.54,-14.66,-1.1,0
32.696,9.71,-11.54,-1.49,0
32.706,8.43,-11.54,-1.49,0
32.716,7.14,-11.54,-1.49,0
32.726,6.04,-7.14,-1.77,0
32.736,5.13,-7.14,-1.77,0
32.746,4.03,-7.14,-1.77,0
32.756,3.29,-4.03,-1.94,0
32.766,2.56,-4.03,-1.94,0
32.776,2.01,-4.03,-1.94,0
32.786,1.46,-2.01,-2.03,0
32.796,0.91,-2.01,-2.03,0
32.807,0.54,-2.01,-2.03,0
32.817,0.36,-0.54,-2.07,0
32.827,0.18,-0.54,-2.07,0
32.837,-0,-0.54,-2.07,0
32.847,-0,0,-2.07,0
32.857,-0,0,-2.07,0
32.867,-0,0,-2.07,0
32.877,-0,0,-2.07,0
32.887,-0,0,-2.07,0
32.897,-0,0,-2.07,0
32.907,-0,0,-2.07,0
32.917,-0,0,-2.07,0
32.927,-0,0,-2.07,0
32.937,-0,0,-2.07,0
